,Client_ID,NEXT_MONTH_DEFAULT
0,A20170,0
1,A16887,0
2,A3430,0
3,A3696,0
4,A20474,0
5,A24270,0
6,A3052,1
7,A11159,0
8,A8192,0
9,A25046,0
10,A18374,0
11,A26116,0
12,A17207,0
13,A11078,0
14,A13410,1
15,A23431,0
16,A23559,0
17,A12471,0
18,A2347,0
19,A13816,0
20,A2514,0
21,A16317,0
22,A27532,0
23,A11235,0
24,A17715,1
25,A25032,0
26,A3218,0
27,A18201,0
28,A28083,0
29,A22852,1
30,A29764,0
31,A12798,0
32,A25524,0
33,A11824,0
34,A8480,0
35,A8539,0
36,A21671,0
37,A23929,0
38,A18192,0
39,A21451,0
40,A6772,0
41,A29990,0
42,A25181,0
43,A13613,0
44,A20126,0
45,A21662,0
46,A13021,1
47,A15447,0
48,A18015,0
49,A5985,0
50,A16607,0
51,A8093,0
52,A15068,0
53,A6395,0
54,A13855,0
55,A9641,0
56,A11561,0
57,A29174,0
58,A23448,0
59,A29867,1
60,A29191,0
61,A16063,0
62,A12737,0
63,A27017,0
64,A21478,0
65,A4756,0
66,A10603,0
67,A8173,0
68,A23374,0
69,A18008,0
70,A21891,0
71,A5998,0
72,A6515,0
73,A27507,0
74,A2478,0
75,A5108,0
76,A15291,0
77,A16302,0
78,A19710,0
79,A15301,0
80,A26671,0
81,A13751,0
82,A23471,0
83,A29380,0
84,A26636,0
85,A25523,0
86,A1145,0
87,A8208,0
88,A1976,0
89,A17814,0
90,A21458,0
91,A25525,0
92,A2691,0
93,A23685,0
94,A4652,0
95,A12117,0
96,A13236,0
97,A757,0
98,A2329,0
99,A22058,0
100,A20111,0
101,A5305,0
102,A15658,0
103,A2469,0
104,A27290,0
105,A14826,0
106,A13159,0
107,A22296,0
108,A25996,1
109,A25737,1
110,A5483,0
111,A23095,0
112,A1867,0
113,A3386,0
114,A6682,0
115,A15593,0
116,A23600,0
117,A15615,1
118,A5238,0
119,A1061,0
120,A2779,0
121,A8520,0
122,A11355,0
123,A5704,0
124,A9410,0
125,A26771,0
126,A8031,0
127,A14999,0
128,A29516,0
129,A2842,0
130,A1285,0
131,A13047,0
132,A334,0
133,A27944,0
134,A9071,0
135,A11089,0
136,A6988,0
137,A20702,1
138,A22504,0
139,A18880,0
140,A1247,0
141,A12982,0
142,A20650,0
143,A4483,0
144,A10576,1
145,A5850,0
146,A10662,0
147,A1752,0
148,A13739,1
149,A17107,0
150,A23428,0
151,A28657,0
152,A27338,0
153,A5614,0
154,A21298,0
155,A19212,0
156,A21375,0
157,A10029,0
158,A6949,0
159,A18922,0
160,A14276,0
161,A27748,1
162,A11465,1
163,A12186,0
164,A22811,0
165,A8095,0
166,A7086,0
167,A19527,0
168,A22165,0
169,A28649,0
170,A13276,0
171,A10512,0
172,A19538,0
173,A7816,0
174,A6538,0
175,A7877,1
176,A18903,0
177,A24222,0
178,A27105,0
179,A21191,0
180,A20938,0
181,A24753,1
182,A19684,0
183,A7298,0
184,A4747,1
185,A27630,0
186,A22575,0
187,A16498,1
188,A14337,0
189,A19146,1
190,A23328,0
191,A8649,0
192,A25725,0
193,A15993,0
194,A2366,0
195,A4491,0
196,A28772,0
197,A6586,0
198,A29582,0
199,A17658,0
200,A10410,0
201,A5012,0
202,A4672,0
203,A24271,0
204,A19471,0
205,A3348,0
206,A24242,0
207,A22656,0
208,A7917,0
209,A26159,0
210,A19639,0
211,A24978,0
212,A13182,0
213,A29286,0
214,A17881,0
215,A14389,0
216,A14164,0
217,A10763,0
218,A13517,0
219,A18326,0
220,A13911,0
221,A10548,1
222,A2688,0
223,A4007,1
224,A18335,0
225,A19790,0
226,A25548,0
227,A24366,0
228,A22489,0
229,A22757,0
230,A20928,0
231,A8684,0
232,A7675,0
233,A19091,0
234,A22155,0
235,A26572,0
236,A12948,0
237,A19274,0
238,A16686,0
239,A26962,0
240,A21148,0
241,A5648,1
242,A26949,0
243,A11217,0
244,A16056,0
245,A28837,0
246,A7540,0
247,A11511,1
248,A15176,0
249,A11210,0
250,A11525,0
251,A17236,1
252,A22380,0
253,A13779,1
254,A1070,1
255,A24692,0
256,A4084,0
257,A11796,0
258,A16082,0
259,A29496,0
260,A10689,0
261,A21284,0
262,A8698,0
263,A8998,1
264,A21688,0
265,A9771,0
266,A19851,0
267,A4669,0
268,A10643,0
269,A17014,0
270,A3498,0
271,A2574,0
272,A22911,0
273,A10042,0
274,A29550,0
275,A7683,0
276,A10170,0
277,A6476,0
278,A29332,0
279,A24119,0
280,A24785,0
281,A7728,0
282,A6826,0
283,A18736,0
284,A3623,0
285,A17628,0
286,A26496,0
287,A703,0
288,A1543,1
289,A28158,0
290,A18783,0
291,A1043,0
292,A177,0
293,A26978,0
294,A17329,0
295,A11394,0
296,A26237,0
297,A29980,0
298,A16054,0
299,A24632,0
300,A5260,0
301,A13695,0
302,A19748,0
303,A9097,0
304,A15489,0
305,A28759,0
306,A5231,0
307,A16781,0
308,A11051,0
309,A7465,0
310,A16460,0
311,A1349,0
312,A11205,0
313,A9173,0
314,A10813,0
315,A23248,0
316,A12218,0
317,A26061,0
318,A15584,0
319,A1398,0
320,A7048,0
321,A16045,0
322,A14573,0
323,A2146,1
324,A3235,1
325,A11981,0
326,A19677,0
327,A25479,0
328,A15234,0
329,A17079,0
330,A5353,0
331,A23352,0
332,A25161,1
333,A13487,0
334,A9096,0
335,A25499,0
336,A17436,0
337,A13324,0
338,A26731,0
339,A17405,0
340,A26279,0
341,A12932,0
342,A21623,0
343,A1835,0
344,A25896,0
345,A4848,0
346,A9841,0
347,A21863,0
348,A21722,0
349,A28996,1
350,A24977,0
351,A4216,0
352,A755,0
353,A9101,0
354,A15715,0
355,A14288,0
356,A19479,0
357,A737,0
358,A29973,0
359,A23637,0
360,A28674,0
361,A19862,0
362,A1351,0
363,A12856,0
364,A22796,0
365,A22657,1
366,A25682,0
367,A10061,0
368,A9138,0
369,A18821,0
370,A28072,0
371,A10200,0
372,A83,0
373,A13601,0
374,A8532,0
375,A17897,0
376,A25730,0
377,A735,0
378,A16319,0
379,A29941,0
380,A6014,0
381,A12944,0
382,A2414,0
383,A14259,1
384,A25621,0
385,A7795,0
386,A24186,0
387,A10642,0
388,A10925,0
389,A20343,0
390,A26209,0
391,A23085,0
392,A4229,0
393,A19827,0
394,A9586,0
395,A697,0
396,A19482,0
397,A4261,0
398,A23169,0
399,A10427,0
400,A15682,1
401,A17381,0
402,A1198,0
403,A15592,0
404,A18325,0
405,A7517,0
406,A7365,0
407,A26932,0
408,A8784,0
409,A18001,0
410,A23124,0
411,A11196,0
412,A26655,0
413,A15089,1
414,A27510,1
415,A25064,0
416,A23209,0
417,A3588,0
418,A16646,0
419,A24061,0
420,A23631,1
421,A18384,1
422,A25474,0
423,A22816,0
424,A18280,0
425,A19733,0
426,A16597,0
427,A6773,0
428,A6157,0
429,A5393,1
430,A15641,0
431,A5423,0
432,A3402,0
433,A3539,0
434,A29521,0
435,A8729,0
436,A17691,0
437,A23515,1
438,A24364,0
439,A21642,1
440,A6842,0
441,A5237,0
442,A21830,0
443,A248,0
444,A24199,0
445,A14434,0
446,A15936,1
447,A20052,0
448,A26360,0
449,A25794,0
450,A28886,0
451,A17879,0
452,A13735,0
453,A16261,1
454,A5594,0
455,A21263,0
456,A24580,0
457,A1766,0
458,A26,0
459,A6928,0
460,A28833,0
461,A20467,0
462,A5589,0
463,A15331,0
464,A10717,0
465,A14614,0
466,A7276,0
467,A14325,0
468,A8033,0
469,A20468,0
470,A1453,0
471,A11963,0
472,A21679,0
473,A20173,0
474,A22404,0
475,A12299,0
476,A6223,0
477,A29414,1
478,A29803,0
479,A23828,1
480,A23034,0
481,A12962,0
482,A9436,0
483,A10139,0
484,A24927,0
485,A23393,0
486,A22730,0
487,A21399,0
488,A3081,0
489,A15361,0
490,A20008,0
491,A13530,0
492,A24915,0
493,A25958,0
494,A4026,0
495,A26779,0
496,A14100,0
497,A15443,0
498,A256,0
499,A24389,0
500,A17192,1
501,A10709,0
502,A24881,0
503,A26969,0
504,A25580,0
505,A23931,0
506,A959,0
507,A15808,0
508,A4569,0
509,A20389,1
510,A15946,0
511,A15775,1
512,A7025,0
513,A9318,0
514,A27669,0
515,A19695,0
516,A7654,0
517,A16343,0
518,A11877,0
519,A22790,0
520,A25655,0
521,A10305,0
522,A28749,1
523,A8794,0
524,A22987,0
525,A15533,0
526,A7578,0
527,A16197,0
528,A28357,0
529,A19149,0
530,A20430,1
531,A6122,1
532,A13586,0
533,A2082,1
534,A5224,1
535,A10106,1
536,A8210,0
537,A9699,0
538,A27089,0
539,A16871,0
540,A2784,0
541,A9767,0
542,A9778,0
543,A22869,0
544,A19236,0
545,A3418,1
546,A24454,0
547,A9633,1
548,A26030,0
549,A1936,0
550,A23388,0
551,A13012,0
552,A19625,0
553,A19981,0
554,A17976,0
555,A13837,0
556,A24718,0
557,A20407,0
558,A26056,0
559,A27294,0
560,A22013,0
561,A21066,0
562,A9005,0
563,A7715,0
564,A11497,0
565,A17855,0
566,A12204,0
567,A21649,0
568,A7984,0
569,A15436,0
570,A28368,0
571,A18517,0
572,A7262,0
573,A25473,0
574,A20552,0
575,A12897,0
576,A6569,0
577,A2619,0
578,A18152,1
579,A5232,0
580,A21103,0
581,A11892,0
582,A29885,0
583,A26714,0
584,A28933,0
585,A16262,0
586,A16681,0
587,A29188,0
588,A24011,0
589,A5184,0
590,A13448,0
591,A25232,0
592,A27324,0
593,A7705,0
594,A23989,0
595,A11527,0
596,A26898,0
597,A11098,0
598,A26880,0
599,A27190,0
600,A10024,1
601,A24739,0
602,A16009,0
603,A7748,0
604,A543,0
605,A9888,0
606,A3708,0
607,A8527,0
608,A17012,0
609,A595,1
610,A10021,0
611,A14712,0
612,A14044,0
613,A21301,0
614,A9716,0
615,A11470,0
616,A22733,0
617,A19930,0
618,A9529,0
619,A1248,0
620,A21768,0
621,A27406,1
622,A22814,0
623,A21804,0
624,A22208,0
625,A29245,0
626,A12753,0
627,A26399,0
628,A1932,0
629,A26798,0
630,A22082,0
631,A10701,0
632,A29454,0
633,A5686,0
634,A21932,0
635,A28427,0
636,A27433,0
637,A12240,0
638,A25136,0
639,A589,0
640,A14414,0
641,A244,0
642,A4726,0
643,A5286,0
644,A24897,0
645,A6388,0
646,A19938,0
647,A5521,0
648,A24720,0
649,A7200,0
650,A12114,0
651,A18088,0
652,A29359,0
653,A10776,1
654,A3165,0
655,A6294,0
656,A20208,0
657,A26037,0
658,A27274,0
659,A22438,0
660,A28078,0
661,A27436,0
662,A12547,0
663,A17690,0
664,A6698,0
665,A17651,0
666,A6422,0
667,A15189,0
668,A13556,0
669,A1889,0
670,A8595,0
671,A11283,0
672,A11528,1
673,A616,0
674,A4161,1
675,A18300,0
676,A18118,0
677,A24047,0
678,A26262,0
679,A1403,0
680,A18980,0
681,A16030,1
682,A5842,0
683,A24954,0
684,A13462,0
685,A7605,0
686,A6453,0
687,A22681,0
688,A22995,0
689,A20721,0
690,A18363,0
691,A16698,1
692,A29893,0
693,A16476,0
694,A20237,1
695,A27191,1
696,A29387,0
697,A8888,0
698,A26878,0
699,A9856,0
700,A22147,0
701,A2902,0
702,A7600,0
703,A2899,0
704,A18527,0
705,A24987,0
706,A22083,0
707,A3786,0
708,A3193,0
709,A20752,0
710,A8614,0
711,A2334,0
712,A7920,0
713,A4449,0
714,A8346,1
715,A16912,0
716,A6516,0
717,A15069,0
718,A29074,1
719,A1030,0
720,A27846,1
721,A2914,0
722,A9776,0
723,A22818,0
724,A10025,0
725,A29846,1
726,A23803,1
727,A10117,0
728,A1443,0
729,A9677,1
730,A5411,0
731,A19510,0
732,A22549,0
733,A14982,0
734,A22352,0
735,A23648,0
736,A26688,1
737,A4494,0
738,A26317,0
739,A28526,0
740,A22755,0
741,A27134,0
742,A22770,0
743,A26462,0
744,A23612,0
745,A5188,0
746,A8401,1
747,A13992,1
748,A1446,0
749,A28869,0
750,A3785,0
751,A11510,0
752,A4168,0
753,A7187,0
754,A9111,1
755,A19202,0
756,A22705,0
757,A21857,0
758,A14186,0
759,A26938,0
760,A4604,0
761,A6878,0
762,A24070,0
763,A18257,1
764,A2693,0
765,A24534,0
766,A15948,1
767,A4761,0
768,A27917,0
769,A1034,0
770,A15644,0
771,A17565,0
772,A22406,0
773,A17571,0
774,A17088,0
775,A27092,1
776,A6496,0
777,A4173,0
778,A14246,0
779,A15870,0
780,A17217,0
781,A1968,0
782,A19947,0
783,A14931,0
784,A23947,0
785,A3041,0
786,A530,0
787,A28796,0
788,A15838,0
789,A26196,0
790,A744,0
791,A12907,0
792,A3550,1
793,A8494,0
794,A17578,0
795,A23680,0
796,A14934,0
797,A26490,0
798,A15828,0
799,A10585,0
800,A26873,0
801,A29066,0
802,A1739,0
803,A10090,0
804,A25598,0
805,A1719,0
806,A19071,0
807,A30,0
808,A9534,0
809,A21426,0
810,A16706,0
811,A972,0
812,A7839,0
813,A26083,1
814,A28216,0
815,A8830,0
816,A3891,0
817,A639,0
818,A29513,0
819,A3939,1
820,A871,0
821,A2389,0
822,A16046,0
823,A17671,0
824,A3095,1
825,A2699,0
826,A29263,0
827,A20689,0
828,A1720,0
829,A22076,0
830,A4708,1
831,A16093,1
832,A22116,0
833,A7891,0
834,A14286,0
835,A17823,0
836,A19506,0
837,A26797,0
838,A14505,0
839,A12613,0
840,A13759,0
841,A29793,0
842,A2868,0
843,A14964,0
844,A19608,0
845,A16888,0
846,A23944,0
847,A10756,0
848,A24175,0
849,A22506,0
850,A27084,0
851,A18587,0
852,A24177,0
853,A1085,0
854,A17425,0
855,A24158,0
856,A12463,1
857,A6194,0
858,A27760,1
859,A9790,0
860,A20084,0
861,A20411,0
862,A27583,0
863,A9803,0
864,A11689,0
865,A28927,0
866,A16689,0
867,A16889,0
868,A1472,0
869,A26386,0
870,A5525,0
871,A25678,0
872,A23163,0
873,A28131,0
874,A18270,0
875,A25681,0
876,A9149,0
877,A2648,0
878,A20355,0
879,A23074,0
880,A2853,0
881,A24391,0
882,A1048,0
883,A17549,0
884,A18832,0
885,A29291,1
886,A346,1
887,A1463,0
888,A15924,0
889,A21716,1
890,A4853,0
891,A7332,1
892,A8123,0
893,A11213,0
894,A23980,1
895,A12005,0
896,A29853,0
897,A6287,0
898,A23488,0
899,A11761,0
900,A2013,0
901,A14622,0
902,A2912,0
903,A18497,0
904,A3795,0
905,A10346,0
906,A26280,0
907,A14297,0
908,A11165,0
909,A24220,0
910,A23459,0
911,A18278,1
912,A19348,0
913,A14781,0
914,A1554,0
915,A26130,0
916,A3574,0
917,A11859,0
918,A5538,0
919,A18361,0
920,A25348,0
921,A10983,0
922,A2129,0
923,A15137,0
924,A8670,0
925,A2538,1
926,A14048,0
927,A18196,0
928,A11475,0
929,A18612,0
930,A24996,0
931,A11113,1
932,A9815,0
933,A9905,0
934,A9446,0
935,A10994,0
936,A11112,0
937,A13775,0
938,A12451,0
939,A18131,0
940,A17910,0
941,A1680,0
942,A1743,0
943,A6345,1
944,A29943,0
945,A9185,0
946,A5901,0
947,A28290,1
948,A13085,0
949,A26788,0
950,A24212,0
951,A16188,1
952,A7406,0
953,A8059,0
954,A14397,0
955,A23611,0
956,A15789,1
957,A10768,0
958,A20900,0
959,A18425,0
960,A10465,0
961,A15395,0
962,A16106,0
963,A12757,0
964,A15970,1
965,A4027,0
966,A19437,0
967,A7959,0
968,A8140,0
969,A17068,0
970,A7888,0
971,A21096,0
972,A17828,0
973,A26134,0
974,A29938,0
975,A9598,0
976,A20143,0
977,A13270,0
978,A19627,0
979,A2019,0
980,A10009,0
981,A3757,1
982,A27040,0
983,A16870,1
984,A10762,0
985,A24357,0
986,A8605,0
987,A26079,0
988,A27652,0
989,A18056,0
990,A16566,0
991,A9259,0
992,A16333,0
993,A5598,0
994,A28503,0
995,A7489,0
996,A29851,0
997,A25718,0
998,A9570,0
999,A24984,0
1000,A11107,1
1001,A11291,0
1002,A3173,0
1003,A5828,0
1004,A28049,0
1005,A9200,0
1006,A16610,0
1007,A8626,0
1008,A18946,0
1009,A23699,0
1010,A20057,0
1011,A24103,0
1012,A19796,0
1013,A3831,0
1014,A26901,0
1015,A29735,0
1016,A2285,0
1017,A22453,0
1018,A13409,0
1019,A2364,0
1020,A28324,1
1021,A20297,0
1022,A4304,0
1023,A12453,0
1024,A27106,0
1025,A26367,0
1026,A785,0
1027,A15275,0
1028,A14283,0
1029,A20251,0
1030,A2709,0
1031,A14644,0
1032,A22007,0
1033,A10257,0
1034,A12908,0
1035,A19494,0
1036,A25965,0
1037,A1,0
1038,A19227,0
1039,A16596,0
1040,A6953,0
1041,A29767,0
1042,A22873,0
1043,A23906,0
1044,A24425,0
1045,A8422,0
1046,A7567,0
1047,A131,0
1048,A20796,0
1049,A28973,0
1050,A1813,0
1051,A903,0
1052,A19935,0
1053,A25726,1
1054,A24042,1
1055,A11681,0
1056,A24884,0
1057,A12495,0
1058,A1886,0
1059,A17809,1
1060,A29624,0
1061,A6902,0
1062,A23336,0
1063,A18401,0
1064,A9042,0
1065,A18958,1
1066,A20177,0
1067,A4389,0
1068,A14485,0
1069,A11462,0
1070,A13125,0
1071,A27304,0
1072,A14384,0
1073,A1604,1
1074,A7433,0
1075,A17656,0
1076,A493,0
1077,A24124,0
1078,A5621,0
1079,A1527,0
1080,A8445,0
1081,A1019,0
1082,A29192,0
1083,A1755,0
1084,A2758,0
1085,A20000,0
1086,A6805,0
1087,A14204,0
1088,A8052,1
1089,A18943,0
1090,A10952,1
1091,A17053,1
1092,A20073,0
1093,A4979,0
1094,A7377,0
1095,A9360,0
1096,A28203,0
1097,A3046,1
1098,A23495,0
1099,A5730,0
1100,A1252,0
1101,A17744,0
1102,A6200,0
1103,A16076,1
1104,A18647,0
1105,A2397,0
1106,A17472,0
1107,A11335,0
1108,A22704,0
1109,A13554,0
1110,A4840,0
1111,A29408,0
1112,A26660,0
1113,A12228,0
1114,A17234,0
1115,A9805,0
1116,A16407,0
1117,A18406,0
1118,A28006,0
1119,A10342,0
1120,A16570,0
1121,A9588,0
1122,A26874,0
1123,A1801,0
1124,A17816,0
1125,A3597,0
1126,A21467,0
1127,A27315,0
1128,A15114,0
1129,A8312,0
1130,A29619,0
1131,A5906,0
1132,A2894,0
1133,A29679,1
1134,A4394,0
1135,A23645,0
1136,A18653,0
1137,A1293,1
1138,A22878,0
1139,A9102,0
1140,A18174,0
1141,A29494,1
1142,A8664,0
1143,A286,0
1144,A20795,0
1145,A1041,0
1146,A9116,0
1147,A23770,0
1148,A7092,0
1149,A3019,0
1150,A4541,0
1151,A20072,0
1152,A22361,0
1153,A6457,0
1154,A5811,0
1155,A16680,0
1156,A8632,0
1157,A2901,0
1158,A8639,0
1159,A22097,0
1160,A27876,0
1161,A6207,0
1162,A5395,0
1163,A15916,0
1164,A19412,0
1165,A16945,0
1166,A6525,0
1167,A10906,0
1168,A19260,0
1169,A1358,0
1170,A12492,0
1171,A26111,0
1172,A21576,0
1173,A20975,0
1174,A19399,0
1175,A9372,0
1176,A19475,0
1177,A21357,0
1178,A9091,0
1179,A22114,0
1180,A11429,0
1181,A18139,0
1182,A20345,0
1183,A19593,0
1184,A21056,0
1185,A484,0
1186,A26852,0
1187,A17629,0
1188,A398,0
1189,A4653,0
1190,A19673,0
1191,A29453,0
1192,A28714,0
1193,A16177,0
1194,A21420,0
1195,A4414,0
1196,A25216,0
1197,A19440,0
1198,A11435,0
1199,A26424,0
1200,A2812,0
1201,A6562,0
1202,A18635,0
1203,A11452,1
1204,A8624,0
1205,A9394,0
1206,A10272,0
1207,A23880,0
1208,A18188,0
1209,A24599,1
1210,A21141,0
1211,A12974,0
1212,A15283,0
1213,A22034,0
1214,A28584,0
1215,A12086,0
1216,A15947,0
1217,A6147,1
1218,A15697,0
1219,A16603,1
1220,A6288,0
1221,A435,0
1222,A19398,0
1223,A3672,0
1224,A14403,0
1225,A15159,0
1226,A5725,1
1227,A28447,0
1228,A8198,0
1229,A26351,0
1230,A25977,0
1231,A16354,0
1232,A7747,0
1233,A10948,0
1234,A4868,0
1235,A6075,0
1236,A12713,0
1237,A13257,0
1238,A1456,0
1239,A20539,0
1240,A29342,0
1241,A20542,1
1242,A3247,0
1243,A4575,0
1244,A4085,0
1245,A4625,0
1246,A28952,0
1247,A6690,0
1248,A15438,0
1249,A19585,0
1250,A26204,0
1251,A17907,1
1252,A5328,0
1253,A1873,0
1254,A2035,0
1255,A26870,0
1256,A2756,0
1257,A29776,0
1258,A15855,0
1259,A4072,0
1260,A2454,0
1261,A19936,0
1262,A21843,0
1263,A6719,0
1264,A25248,0
1265,A12789,0
1266,A11034,0
1267,A26846,1
1268,A8321,0
1269,A14752,0
1270,A24054,0
1271,A6898,1
1272,A23961,0
1273,A17684,0
1274,A2312,1
1275,A12048,0
1276,A25594,0
1277,A18072,1
1278,A4381,0
1279,A26506,0
1280,A22150,0
1281,A11306,0
1282,A29451,0
1283,A29659,0
1284,A9086,0
1285,A9656,0
1286,A28122,0
1287,A105,0
1288,A9049,0
1289,A5103,0
1290,A25747,0
1291,A12444,0
1292,A5574,0
1293,A21795,0
1294,A20240,0
1295,A12887,0
1296,A14114,0
1297,A8740,0
1298,A21256,0
1299,A25230,0
1300,A16066,0
1301,A25308,0
1302,A598,1
1303,A10673,0
1304,A21972,0
1305,A1696,0
1306,A27579,0
1307,A26404,0
1308,A23607,0
1309,A23120,0
1310,A18395,0
1311,A19225,0
1312,A28760,0
1313,A25582,0
1314,A22285,0
1315,A2837,0
1316,A10077,0
1317,A6414,0
1318,A5937,0
1319,A14192,1
1320,A11921,0
1321,A23789,0
1322,A25565,0
1323,A24515,0
1324,A18733,0
1325,A21888,0
1326,A7131,1
1327,A26818,0
1328,A28924,0
1329,A26507,1
1330,A23261,1
1331,A14707,1
1332,A11951,0
1333,A22227,0
1334,A5234,1
1335,A1094,0
1336,A28544,0
1337,A10363,0
1338,A5336,0
1339,A19812,0
1340,A17880,0
1341,A1133,0
1342,A8350,0
1343,A21269,0
1344,A6609,0
1345,A26470,0
1346,A6378,0
1347,A13708,0
1348,A24192,0
1349,A23889,0
1350,A25352,0
1351,A22590,0
1352,A12120,0
1353,A5507,0
1354,A15104,0
1355,A21101,0
1356,A1979,0
1357,A13514,0
1358,A857,0
1359,A16911,0
1360,A9729,0
1361,A28297,0
1362,A5263,0
1363,A11358,0
1364,A24007,0
1365,A7878,0
1366,A9727,0
1367,A18753,0
1368,A1027,0
1369,A13959,0
1370,A14177,1
1371,A22203,0
1372,A24084,0
1373,A24706,0
1374,A29607,0
1375,A10012,0
1376,A10155,0
1377,A11005,0
1378,A17725,1
1379,A19312,0
1380,A24372,0
1381,A12412,0
1382,A18759,0
1383,A26740,0
1384,A18052,0
1385,A22246,1
1386,A24712,1
1387,A9885,0
1388,A416,0
1389,A23447,0
1390,A11593,0
1391,A3943,0
1392,A25661,0
1393,A17984,0
1394,A4767,0
1395,A14989,0
1396,A19601,0
1397,A18329,0
1398,A16304,0
1399,A24256,0
1400,A5655,0
1401,A19547,0
1402,A16192,1
1403,A25829,0
1404,A17443,0
1405,A29794,0
1406,A7571,0
1407,A21619,0
1408,A11466,0
1409,A18857,0
1410,A25826,0
1411,A2985,0
1412,A6101,0
1413,A28239,0
1414,A9505,0
1415,A23752,0
1416,A15022,0
1417,A24654,0
1418,A15040,0
1419,A8625,0
1420,A7146,1
1421,A18616,0
1422,A17275,0
1423,A21024,0
1424,A5467,1
1425,A22624,0
1426,A1822,0
1427,A25237,0
1428,A7136,0
1429,A3335,0
1430,A15116,0
1431,A17730,0
1432,A1093,0
1433,A21307,0
1434,A28234,0
1435,A27047,0
1436,A3382,0
1437,A4612,0
1438,A22298,0
1439,A2687,0
1440,A16741,0
1441,A5149,0
1442,A7850,0
1443,A21635,1
1444,A26238,0
1445,A14967,0
1446,A20287,0
1447,A17756,0
1448,A11973,0
1449,A23350,0
1450,A6298,0
1451,A20845,0
1452,A6843,1
1453,A25393,0
1454,A22384,0
1455,A22164,1
1456,A1167,0
1457,A23877,0
1458,A20605,0
1459,A17184,0
1460,A25688,0
1461,A25632,0
1462,A3376,1
1463,A22402,1
1464,A9011,0
1465,A24265,0
1466,A14482,0
1467,A14971,0
1468,A21906,0
1469,A10494,0
1470,A16576,0
1471,A13340,0
1472,A23077,0
1473,A7985,1
1474,A4278,0
1475,A21720,0
1476,A2698,0
1477,A6172,0
1478,A9202,0
1479,A11883,0
1480,A23936,0
1481,A18557,0
1482,A17218,0
1483,A27172,0
1484,A16210,1
1485,A28676,1
1486,A14189,0
1487,A26674,0
1488,A17509,0
1489,A26260,0
1490,A17772,0
1491,A3054,1
1492,A29313,1
1493,A21306,0
1494,A22747,1
1495,A26787,0
1496,A22075,0
1497,A16934,0
1498,A16000,0
1499,A15790,0
1500,A22481,0
1501,A20238,0
1502,A3514,0
1503,A29419,1
1504,A26150,0
1505,A21382,0
1506,A211,0
1507,A16943,1
1508,A16152,0
1509,A24106,0
1510,A29143,0
1511,A10063,0
1512,A957,0
1513,A2615,0
1514,A1602,0
1515,A3602,0
1516,A5316,0
1517,A7716,0
1518,A19455,0
1519,A19269,0
1520,A11374,0
1521,A16047,0
1522,A3859,0
1523,A25069,0
1524,A24854,0
1525,A11667,0
1526,A27235,0
1527,A12561,0
1528,A24492,0
1529,A10415,0
1530,A24890,0
1531,A10467,0
1532,A3374,0
1533,A22154,0
1534,A6342,1
1535,A11391,0
1536,A20982,0
1537,A18814,0
1538,A1301,0
1539,A13832,0
1540,A22399,0
1541,A24935,0
1542,A21018,0
1543,A25482,0
1544,A12565,0
1545,A10399,0
1546,A8416,0
1547,A16157,0
1548,A6376,0
1549,A24197,0
1550,A12213,0
1551,A16739,0
1552,A17251,0
1553,A25833,0
1554,A11443,1
1555,A2207,1
1556,A12206,0
1557,A5920,0
1558,A21135,0
1559,A16902,0
1560,A21570,0
1561,A26274,0
1562,A5721,0
1563,A14739,0
1564,A1737,0
1565,A7955,0
1566,A28631,0
1567,A25315,0
1568,A4692,0
1569,A9661,1
1570,A1951,0
1571,A17142,0
1572,A19118,0
1573,A11591,1
1574,A12404,0
1575,A12293,0
1576,A13725,0
1577,A11828,0
1578,A26427,0
1579,A7794,0
1580,A9884,0
1581,A4617,0
1582,A20135,0
1583,A25267,0
1584,A2742,0
1585,A27665,1
1586,A7810,0
1587,A11232,0
1588,A19574,0
1589,A9975,0
1590,A6752,0
1591,A16584,0
1592,A10704,0
1593,A9073,0
1594,A17717,0
1595,A18299,0
1596,A11950,0
1597,A28791,0
1598,A12125,0
1599,A27781,0
1600,A19558,0
1601,A8248,0
1602,A6702,0
1603,A22115,0
1604,A27055,0
1605,A27545,1
1606,A448,0
1607,A6981,0
1608,A16709,0
1609,A25887,0
1610,A1452,1
1611,A26469,0
1612,A25224,0
1613,A17481,0
1614,A3734,1
1615,A10175,0
1616,A27483,1
1617,A27206,0
1618,A12103,0
1619,A13135,0
1620,A11532,0
1621,A11433,0
1622,A25866,0
1623,A3038,0
1624,A16274,0
1625,A17359,1
1626,A27744,0
1627,A27798,0
1628,A21211,0
1629,A7011,0
1630,A13756,0
1631,A27735,0
1632,A4305,0
1633,A10893,0
1634,A970,0
1635,A3738,0
1636,A15475,0
1637,A26174,1
1638,A20381,0
1639,A15441,0
1640,A7017,0
1641,A3791,0
1642,A4658,0
1643,A1764,0
1644,A10801,0
1645,A14143,0
1646,A6174,0
1647,A18698,0
1648,A23553,0
1649,A14952,0
1650,A3401,0
1651,A404,0
1652,A7933,0
1653,A3888,0
1654,A29674,0
1655,A15573,0
1656,A17574,0
1657,A2231,0
1658,A18345,0
1659,A14001,0
1660,A9578,0
1661,A23516,0
1662,A4442,0
1663,A18318,0
1664,A13698,0
1665,A14991,0
1666,A745,1
1667,A13185,1
1668,A23196,0
1669,A23927,0
1670,A1487,0
1671,A16390,0
1672,A19124,0
1673,A25005,0
1674,A18690,0
1675,A8049,1
1676,A4271,0
1677,A3351,0
1678,A25065,0
1679,A27292,0
1680,A6620,0
1681,A13335,0
1682,A16375,1
1683,A17916,1
1684,A22048,0
1685,A22095,1
1686,A6841,0
1687,A28566,0
1688,A13906,0
1689,A14451,0
1690,A24405,0
1691,A3365,0
1692,A17649,0
1693,A26875,0
1694,A14808,0
1695,A23918,0
1696,A10677,0
1697,A8151,0
1698,A28965,0
1699,A8298,0
1700,A3822,0
1701,A28820,0
1702,A26621,0
1703,A18261,0
1704,A672,0
1705,A12344,0
1706,A17764,1
1707,A5171,0
1708,A2913,0
1709,A29459,0
1710,A11199,0
1711,A28373,1
1712,A26284,0
1713,A24466,0
1714,A19961,0
1715,A16239,0
1716,A28315,0
1717,A24658,0
1718,A6534,0
1719,A849,0
1720,A15770,0
1721,A18714,0
1722,A21330,0
1723,A8709,1
1724,A10449,0
1725,A21468,0
1726,A7216,1
1727,A14107,0
1728,A14824,0
1729,A29886,0
1730,A11659,1
1731,A26857,0
1732,A21185,0
1733,A7987,0
1734,A3535,0
1735,A18701,0
1736,A12108,0
1737,A24852,0
1738,A19918,0
1739,A2110,0
1740,A1631,0
1741,A21537,0
1742,A17274,0
1743,A2716,0
1744,A4745,0
1745,A9712,0
1746,A656,0
1747,A17105,0
1748,A4560,0
1749,A7581,0
1750,A9498,0
1751,A7833,0
1752,A16256,0
1753,A10167,0
1754,A16611,1
1755,A18901,0
1756,A7911,0
1757,A19514,0
1758,A1057,0
1759,A11529,0
1760,A23844,0
1761,A17539,0
1762,A24983,0
1763,A14679,0
1764,A14521,0
1765,A12615,0
1766,A23533,0
1767,A15265,0
1768,A24390,0
1769,A27066,0
1770,A18119,0
1771,A24369,0
1772,A3834,0
1773,A4972,0
1774,A23390,0
1775,A12264,1
1776,A22003,0
1777,A27419,0
1778,A23188,0
1779,A293,1
1780,A9603,0
1781,A15727,1
1782,A29723,0
1783,A24208,0
1784,A13077,0
1785,A18390,0
1786,A5956,0
1787,A9258,0
1788,A17222,0
1789,A28367,1
1790,A12731,0
1791,A27612,0
1792,A15618,0
1793,A15524,0
1794,A25783,0
1795,A24953,0
1796,A25453,0
1797,A25986,0
1798,A4294,0
1799,A1023,1
1800,A1636,0
1801,A9847,0
1802,A13829,0
1803,A24268,0
1804,A29719,0
1805,A18591,0
1806,A13565,1
1807,A7063,0
1808,A10897,0
1809,A13189,1
1810,A23816,0
1811,A72,0
1812,A13211,0
1813,A26843,0
1814,A20141,0
1815,A24129,0
1816,A25573,0
1817,A10518,0
1818,A13940,0
1819,A21889,0
1820,A4717,0
1821,A12597,0
1822,A368,0
1823,A5438,0
1824,A4043,0
1825,A19931,0
1826,A4403,1
1827,A24173,1
1828,A26995,0
1829,A15187,0
1830,A23617,0
1831,A29125,0
1832,A17985,0
1833,A20133,0
1834,A21062,0
1835,A16437,0
1836,A16324,0
1837,A28951,0
1838,A8615,0
1839,A18668,0
1840,A23917,0
1841,A10824,0
1842,A7215,0
1843,A25430,0
1844,A7591,0
1845,A28663,1
1846,A23874,0
1847,A10895,0
1848,A3559,0
1849,A13820,0
1850,A4454,0
1851,A21950,0
1852,A8610,0
1853,A11798,0
1854,A19512,0
1855,A25073,0
1856,A27201,0
1857,A24722,0
1858,A6887,0
1859,A23845,0
1860,A559,0
1861,A13591,0
1862,A29432,0
1863,A2104,0
1864,A17387,1
1865,A2519,1
1866,A9168,0
1867,A4383,0
1868,A12528,0
1869,A11555,1
1870,A5532,0
1871,A16993,0
1872,A90,0
1873,A1373,0
1874,A10616,0
1875,A7211,0
1876,A5889,0
1877,A21071,0
1878,A27156,0
1879,A13232,1
1880,A25809,0
1881,A24319,0
1882,A19919,0
1883,A11231,0
1884,A6629,0
1885,A27392,0
1886,A22041,0
1887,A25162,0
1888,A17932,1
1889,A12688,0
1890,A24908,0
1891,A21351,0
1892,A834,0
1893,A4808,0
1894,A12859,0
1895,A20074,0
1896,A17999,0
1897,A17358,0
1898,A22982,0
1899,A29911,0
1900,A3097,0
1901,A6383,0
1902,A14584,0
1903,A4629,0
1904,A7814,0
1905,A6923,0
1906,A10995,0
1907,A23060,0
1908,A29287,0
1909,A5343,0
1910,A607,0
1911,A20649,0
1912,A15792,0
1913,A22671,0
1914,A10514,0
1915,A26739,1
1916,A29383,0
1917,A68,0
1918,A4182,0
1919,A10820,0
1920,A8567,0
1921,A6156,0
1922,A3526,0
1923,A28807,0
1924,A3022,0
1925,A16159,0
1926,A25250,0
1927,A3233,0
1928,A13342,0
1929,A22643,0
1930,A5557,0
1931,A28166,0
1932,A16653,0
1933,A3381,0
1934,A4765,1
1935,A7908,0
1936,A5124,0
1937,A18010,0
1938,A5702,0
1939,A20511,0
1940,A15982,0
1941,A10247,0
1942,A2061,0
1943,A7755,0
1944,A8877,0
1945,A22654,0
1946,A6240,0
1947,A8566,0
1948,A3563,1
1949,A10702,1
1950,A28912,0
1951,A457,0
1952,A13457,0
1953,A685,0
1954,A7421,0
1955,A23837,0
1956,A9833,1
1957,A7906,0
1958,A5314,0
1959,A7618,0
1960,A25351,0
1961,A16693,0
1962,A27557,1
1963,A931,0
1964,A21316,0
1965,A8116,0
1966,A13107,0
1967,A6695,0
1968,A13656,1
1969,A20166,0
1970,A10142,0
1971,A24003,0
1972,A4537,0
1973,A23425,0
1974,A27686,0
1975,A28575,0
1976,A23007,0
1977,A6469,0
1978,A632,0
1979,A19325,0
1980,A17605,0
1981,A20513,0
1982,A8077,0
1983,A21647,1
1984,A8099,0
1985,A13004,0
1986,A7966,0
1987,A16487,0
1988,A11551,0
1989,A12691,0
1990,A9780,0
1991,A14604,0
1992,A21670,0
1993,A23387,0
1994,A4886,0
1995,A1049,0
1996,A1616,0
1997,A26169,0
1998,A11880,0
1999,A3042,0
2000,A12166,0
2001,A27504,0
2002,A3962,0
2003,A8946,0
2004,A11458,1
2005,A4068,0
2006,A7443,0
2007,A25510,0
2008,A21609,0
2009,A7242,0
2010,A9141,0
2011,A24211,0
2012,A21121,1
2013,A50,0
2014,A14930,0
2015,A8475,0
2016,A12904,0
2017,A25929,0
2018,A11686,0
2019,A13866,0
2020,A3605,0
2021,A19752,0
2022,A21127,0
2023,A11167,0
2024,A16634,1
2025,A4981,0
2026,A26553,0
2027,A12860,0
2028,A21966,0
2029,A22898,1
2030,A16808,0
2031,A9800,0
2032,A13578,0
2033,A27184,0
2034,A19913,0
2035,A28563,0
2036,A22689,1
2037,A29154,0
2038,A17806,0
2039,A5997,0
2040,A19203,0
2041,A21264,0
2042,A26381,0
2043,A13688,0
2044,A19410,0
2045,A24541,0
2046,A6526,0
2047,A16900,0
2048,A18334,0
2049,A4559,0
2050,A10245,0
2051,A18289,0
2052,A16542,1
2053,A2851,0
2054,A16716,0
2055,A26534,0
2056,A29128,0
2057,A6019,0
2058,A9340,0
2059,A3299,0
2060,A18484,0
2061,A22284,0
2062,A11910,0
2063,A23453,0
2064,A14217,0
2065,A8279,0
2066,A3560,0
2067,A29772,0
2068,A10180,0
2069,A22925,0
2070,A22052,0
2071,A25825,0
2072,A12963,1
2073,A13726,0
2074,A20535,0
2075,A24144,0
2076,A11284,1
2077,A7782,0
2078,A5506,0
2079,A12029,0
2080,A17319,1
2081,A18212,0
2082,A18687,0
2083,A18642,0
2084,A24939,1
2085,A27875,0
2086,A22541,0
2087,A500,0
2088,A10859,0
2089,A23075,0
2090,A10287,0
2091,A23222,0
2092,A23244,0
2093,A17046,0
2094,A19671,0
2095,A14098,0
2096,A719,0
2097,A21794,0
2098,A24883,0
2099,A19378,0
2100,A23020,0
2101,A1343,0
2102,A22179,0
2103,A12075,0
2104,A490,0
2105,A5625,0
2106,A1885,0
2107,A22832,1
2108,A2723,1
2109,A2020,0
2110,A3477,0
2111,A27677,0
2112,A19746,1
2113,A28766,0
2114,A14968,0
2115,A2820,0
2116,A11001,0
2117,A2391,1
2118,A15761,1
2119,A430,0
2120,A3523,0
2121,A18463,0
2122,A2269,0
2123,A15474,0
2124,A4360,0
2125,A22926,0
2126,A7000,1
2127,A8094,0
2128,A14052,0
2129,A10220,0
2130,A20422,0
2131,A20194,0
2132,A12419,0
2133,A20152,0
2134,A2014,0
2135,A24523,0
2136,A26010,0
2137,A10404,0
2138,A16670,0
2139,A27387,1
2140,A14393,1
2141,A24520,0
2142,A8995,0
2143,A6093,0
2144,A28695,0
2145,A5128,0
2146,A6309,0
2147,A8565,0
2148,A3039,0
2149,A12559,0
2150,A12490,0
2151,A1471,0
2152,A29945,1
2153,A29578,0
2154,A8780,0
2155,A29478,1
2156,A2031,0
2157,A22913,0
2158,A1587,0
2159,A24111,0
2160,A15594,1
2161,A4198,0
2162,A25967,0
2163,A27420,0
2164,A22749,0
2165,A23294,0
2166,A16678,0
2167,A15869,0
2168,A10842,0
2169,A23160,0
2170,A16863,0
2171,A27974,0
2172,A25633,0
2173,A7436,0
2174,A20482,0
2175,A10311,0
2176,A4824,0
2177,A21309,0
2178,A12937,0
2179,A4567,0
2180,A6768,0
2181,A1938,0
2182,A7388,0
2183,A1702,0
2184,A19116,0
2185,A16266,0
2186,A27259,0
2187,A6744,0
2188,A9344,1
2189,A17788,1
2190,A7353,0
2191,A25696,0
2192,A26402,0
2193,A3316,0
2194,A28732,0
2195,A27930,1
2196,A18663,0
2197,A4447,0
2198,A4524,0
2199,A16854,1
2200,A16231,0
2201,A4073,0
2202,A16153,0
2203,A3024,0
2204,A14774,0
2205,A12052,0
2206,A10146,0
2207,A24865,0
2208,A2384,0
2209,A10107,0
2210,A907,0
2211,A21833,0
2212,A1467,0
2213,A12877,1
2214,A10563,0
2215,A14327,0
2216,A1571,0
2217,A15251,1
2218,A10216,1
2219,A15656,0
2220,A10692,0
2221,A28130,0
2222,A22450,0
2223,A12243,0
2224,A26606,1
2225,A29953,0
2226,A25798,1
2227,A25972,0
2228,A29934,0
2229,A15446,0
2230,A15249,0
2231,A11015,0
2232,A20189,0
2233,A24202,0
2234,A25635,0
2235,A10110,0
2236,A17179,0
2237,A9287,1
2238,A10511,0
2239,A19221,1
2240,A5431,0
2241,A23427,1
2242,A15758,1
2243,A3390,0
2244,A13770,0
2245,A1418,0
2246,A4794,0
2247,A782,0
2248,A27588,0
2249,A16290,0
2250,A27046,0
2251,A20812,0
2252,A17265,0
2253,A15086,0
2254,A2102,0
2255,A21766,0
2256,A28279,0
2257,A11616,0
2258,A5926,0
2259,A22862,0
2260,A22210,0
2261,A10378,0
2262,A9845,0
2263,A26672,0
2264,A27885,0
2265,A14318,0
2266,A29058,0
2267,A13846,0
2268,A16631,0
2269,A13574,0
2270,A13285,0
2271,A9024,0
2272,A8930,1
2273,A10031,0
2274,A11186,0
2275,A1909,0
2276,A9099,1
2277,A20015,0
2278,A12097,1
2279,A18513,0
2280,A20131,1
2281,A29740,0
2282,A21303,0
2283,A16289,0
2284,A15750,0
2285,A4223,0
2286,A20362,0
2287,A2525,0
2288,A19820,0
2289,A3964,1
2290,A21460,0
2291,A23152,0
2292,A8628,0
2293,A21054,0
2294,A29760,1
2295,A3420,0
2296,A7374,0
2297,A14077,0
2298,A3310,0
2299,A22783,0
2300,A3716,0
2301,A18659,1
2302,A28522,1
2303,A25892,0
2304,A322,0
2305,A12401,0
2306,A11229,0
2307,A2162,0
2308,A29393,0
2309,A8024,0
2310,A26140,0
2311,A6983,0
2312,A24179,0
2313,A20153,0
2314,A2409,0
2315,A13197,1
2316,A15108,0
2317,A9756,1
2318,A14071,0
2319,A27704,1
2320,A6251,0
2321,A23306,0
2322,A25640,0
2323,A2237,0
2324,A20784,0
2325,A9555,0
2326,A17209,0
2327,A29868,0
2328,A11993,0
2329,A27239,0
2330,A14933,1
2331,A29050,0
2332,A13661,0
2333,A17763,0
2334,A14053,0
2335,A26358,0
2336,A3138,0
2337,A21596,0
2338,A7930,0
2339,A8034,0
2340,A23622,0
2341,A4960,0
2342,A8993,0
2343,A18164,0
2344,A11225,0
2345,A16592,0
2346,A7246,0
2347,A25935,0
2348,A14861,1
2349,A4953,0
2350,A29034,0
2351,A15421,0
2352,A19429,0
2353,A10730,0
2354,A12844,0
2355,A4149,0
2356,A19705,0
2357,A7480,0
2358,A25412,0
2359,A11995,0
2360,A28129,0
2361,A19954,0
2362,A27465,0
2363,A15905,0
2364,A10521,0
2365,A11727,0
2366,A11103,0
2367,A13908,0
2368,A4121,0
2369,A1806,0
2370,A15451,0
2371,A18960,0
2372,A8506,0
2373,A16459,1
2374,A16606,0
2375,A11132,0
2376,A25281,0
2377,A4107,0
2378,A10523,0
2379,A26203,0
2380,A3223,0
2381,A12398,0
2382,A29064,0
2383,A17011,0
2384,A25353,0
2385,A17247,0
2386,A3569,0
2387,A18217,0
2388,A2335,0
2389,A6460,0
2390,A6899,0
2391,A6253,0
2392,A3884,0
2393,A13814,0
2394,A29167,0
2395,A27226,0
2396,A6984,0
2397,A25463,0
2398,A5683,1
2399,A14442,0
2400,A7149,0
2401,A7787,1
2402,A21847,0
2403,A10304,0
2404,A12548,0
2405,A9261,0
2406,A12898,1
2407,A24573,0
2408,A13214,0
2409,A7907,0
2410,A11905,0
2411,A4854,0
2412,A11079,1
2413,A8795,0
2414,A24497,0
2415,A8936,0
2416,A1210,0
2417,A7290,0
2418,A9384,0
2419,A6076,0
2420,A6364,0
2421,A10622,0
2422,A21324,0
2423,A23970,0
2424,A12454,0
2425,A25476,0
2426,A5751,1
2427,A1216,0
2428,A3871,0
2429,A7319,0
2430,A15694,0
2431,A23951,0
2432,A6769,0
2433,A23644,0
2434,A26682,0
2435,A15616,1
2436,A13355,0
2437,A29283,0
2438,A17473,0
2439,A26264,0
2440,A21434,0
2441,A6574,0
2442,A7099,0
2443,A20805,0
2444,A444,0
2445,A18675,0
2446,A18102,0
2447,A15431,0
2448,A7629,1
2449,A24639,0
2450,A1890,0
2451,A24468,0
2452,A4379,1
2453,A12676,0
2454,A6542,0
2455,A24853,0
2456,A13991,0
2457,A19470,0
2458,A9935,0
2459,A28938,0
2460,A22946,0
2461,A27724,1
2462,A9095,0
2463,A13419,0
2464,A10710,0
2465,A2483,0
2466,A19018,0
2467,A5236,0
2468,A22744,0
2469,A10151,0
2470,A7743,0
2471,A99,0
2472,A13733,0
2473,A3107,0
2474,A11481,0
2475,A13356,0
2476,A18706,1
2477,A11279,0
2478,A7084,0
2479,A3124,0
2480,A24287,1
2481,A11730,0
2482,A17845,1
2483,A17914,0
2484,A15221,0
2485,A6029,0
2486,A19079,0
2487,A29833,0
2488,A29113,0
2489,A19094,0
2490,A27384,0
2491,A12685,0
2492,A17581,1
2493,A28619,0
2494,A5031,0
2495,A7090,0
2496,A6997,1
2497,A7393,0
2498,A21313,0
2499,A593,0
2500,A6989,0
2501,A12882,0
2502,A5217,0
2503,A20248,0
2504,A7986,0
2505,A26849,1
2506,A8686,0
2507,A4055,0
2508,A26107,0
2509,A27803,0
2510,A15330,0
2511,A12664,1
2512,A3593,0
2513,A11445,0
2514,A11194,0
2515,A18482,0
2516,A14676,0
2517,A19234,1
2518,A24105,0
2519,A10495,0
2520,A18664,0
2521,A2772,0
2522,A26984,0
2523,A3942,0
2524,A22311,1
2525,A27860,0
2526,A27023,0
2527,A14353,1
2528,A29802,1
2529,A7645,0
2530,A18311,0
2531,A4528,0
2532,A5222,0
2533,A20632,0
2534,A18449,0
2535,A20077,0
2536,A26182,0
2537,A11543,0
2538,A19347,0
2539,A14959,0
2540,A17659,0
2541,A16294,0
2542,A15124,0
2543,A10840,0
2544,A14626,0
2545,A2663,0
2546,A21841,0
2547,A16921,0
2548,A20575,0
2549,A1215,1
2550,A5384,1
2551,A15390,0
2552,A6055,0
2553,A11351,0
2554,A2748,0
2555,A24822,0
2556,A26013,1
2557,A25852,0
2558,A28248,0
2559,A3279,1
2560,A13861,0
2561,A25306,0
2562,A8741,0
2563,A16264,0
2564,A12160,0
2565,A6341,0
2566,A17440,0
2567,A10008,1
2568,A7875,0
2569,A20128,0
2570,A23888,0
2571,A25030,0
2572,A8473,0
2573,A5989,0
2574,A26312,0
2575,A377,0
2576,A25680,0
2577,A6367,0
2578,A27169,0
2579,A26379,1
2580,A25068,0
2581,A18454,0
2582,A23213,0
2583,A22901,1
2584,A24979,0
2585,A27649,0
2586,A22112,1
2587,A12246,0
2588,A15299,0
2589,A5354,0
2590,A10150,0
2591,A2765,0
2592,A12130,0
2593,A16956,0
2594,A10850,0
2595,A11620,0
2596,A19783,0
2597,A28641,0
2598,A12892,0
2599,A1276,0
2600,A10145,0
2601,A13513,0
2602,A21400,0
2603,A2145,1
2604,A6277,0
2605,A8433,0
2606,A27789,0
2607,A19316,1
2608,A11922,0
2609,A7824,0
2610,A25191,0
2611,A24323,0
2612,A15823,0
2613,A2736,0
2614,A7733,1
2615,A22973,0
2616,A5313,0
2617,A21376,0
2618,A27498,0
2619,A6179,0
2620,A17937,0
2621,A22429,0
2622,A8162,0
2623,A7673,0
2624,A11714,0
2625,A25130,0
2626,A17497,1
2627,A10442,0
2628,A22923,0
2629,A4718,0
2630,A25767,0
2631,A5178,1
2632,A246,0
2633,A12474,0
2634,A7807,0
2635,A4341,1
2636,A1469,0
2637,A26632,0
2638,A16405,0
2639,A11259,0
2640,A15179,0
2641,A6876,1
2642,A886,0
2643,A17404,0
2644,A306,0
2645,A19026,0
2646,A24638,0
2647,A29609,0
2648,A25319,0
2649,A3014,0
2650,A17348,0
2651,A28397,0
2652,A29401,0
2653,A984,0
2654,A17569,0
2655,A28001,0
2656,A8937,1
2657,A12237,1
2658,A2493,1
2659,A8277,0
2660,A10189,0
2661,A14432,0
2662,A1805,0
2663,A851,0
2664,A28094,0
2665,A11055,0
2666,A27681,0
2667,A13164,0
2668,A13241,0
2669,A17036,0
2670,A6664,0
2671,A9738,0
2672,A12188,0
2673,A27840,1
2674,A21315,0
2675,A8902,0
2676,A28425,0
2677,A10423,0
2678,A5113,0
2679,A14142,0
2680,A27064,0
2681,A22669,0
2682,A24539,0
2683,A2799,0
2684,A24930,0
2685,A29427,0
2686,A16110,0
2687,A605,0
2688,A6366,0
2689,A11779,0
2690,A28259,0
2691,A15952,0
2692,A7688,0
2693,A2169,0
2694,A22340,0
2695,A24457,0
2696,A8036,0
2697,A19928,0
2698,A2884,0
2699,A19610,0
2700,A17503,0
2701,A29774,0
2702,A1869,0
2703,A16531,0
2704,A8743,0
2705,A6139,0
2706,A21356,0
2707,A15225,0
2708,A22254,0
2709,A4398,0
2710,A19365,0
2711,A11918,0
2712,A19534,1
2713,A20365,1
2714,A28549,0
2715,A26647,0
2716,A27021,0
2717,A27476,0
2718,A9508,0
2719,A15213,0
2720,A25905,0
2721,A6537,0
2722,A16107,0
2723,A21913,0
2724,A19914,0
2725,A26491,0
2726,A27079,0
2727,A11884,0
2728,A15619,0
2729,A23678,0
2730,A9748,0
2731,A21117,0
2732,A29232,0
2733,A2605,0
2734,A28520,0
2735,A19381,0
2736,A14844,0
2737,A11663,0
2738,A26602,0
2739,A17614,0
2740,A19432,0
2741,A7522,0
2742,A12341,0
2743,A26475,0
2744,A7804,0
2745,A26028,0
2746,A15418,0
2747,A7958,0
2748,A14354,0
2749,A13533,0
2750,A10713,0
2751,A15941,0
2752,A23924,0
2753,A25,1
2754,A10798,0
2755,A6446,0
2756,A9208,0
2757,A11398,0
2758,A1461,0
2759,A15332,0
2760,A21945,0
2761,A26545,0
2762,A28335,0
2763,A24504,0
2764,A5682,1
2765,A29421,0
2766,A14203,0
2767,A648,0
2768,A13319,0
2769,A20538,0
2770,A9435,0
2771,A26907,0
2772,A26509,0
2773,A19370,0
2774,A11496,0
2775,A9788,1
2776,A4874,0
2777,A7664,0
2778,A2827,0
2779,A14174,0
2780,A28,0
2781,A5932,0
2782,A8719,0
2783,A2025,0
2784,A27887,0
2785,A26749,0
2786,A2588,0
2787,A11390,0
2788,A15887,0
2789,A5277,1
2790,A16433,0
2791,A18904,0
2792,A9152,0
2793,A17618,0
2794,A27056,0
2795,A6236,0
2796,A6405,0
2797,A29848,0
2798,A13957,0
2799,A2728,0
2800,A11487,0
2801,A19708,0
2802,A13714,0
2803,A20576,0
2804,A4789,1
2805,A3531,0
2806,A22538,0
2807,A8561,0
2808,A29902,0
2809,A26256,0
2810,A10490,0
2811,A11233,0
2812,A23829,0
2813,A28628,0
2814,A10015,0
2815,A1692,0
2816,A18116,0
2817,A5838,1
2818,A11002,0
2819,A5845,0
2820,A1518,0
2821,A28148,0
2822,A24989,1
2823,A20025,0
2824,A26626,0
2825,A10482,0
2826,A7595,0
2827,A28964,0
2828,A24730,0
2829,A23712,0
2830,A12699,0
2831,A25203,0
2832,A26836,0
2833,A4683,0
2834,A4338,0
2835,A8385,0
2836,A13546,0
2837,A3852,1
2838,A26589,1
2839,A11567,0
2840,A16024,0
2841,A17852,1
2842,A23639,0
2843,A16589,0
2844,A22488,0
2845,A12967,1
2846,A9978,0
2847,A23507,0
2848,A23656,0
2849,A5768,0
2850,A16291,0
2851,A8426,1
2852,A3670,0
2853,A14940,0
2854,A22272,0
2855,A26451,0
2856,A10384,0
2857,A5082,0
2858,A2681,0
2859,A27928,0
2860,A16295,0
2861,A9346,0
2862,A27730,0
2863,A25552,0
2864,A16143,0
2865,A6220,0
2866,A5971,0
2867,A19873,0
2868,A584,0
2869,A17364,1
2870,A8630,0
2871,A16759,0
2872,A9039,0
2873,A7019,0
2874,A4313,0
2875,A4331,1
2876,A11063,0
2877,A11580,0
2878,A10040,0
2879,A23432,0
2880,A19787,0
2881,A21707,0
2882,A23805,0
2883,A28946,0
2884,A8978,0
2885,A22185,0
2886,A28994,0
2887,A18100,1
2888,A14892,1
2889,A21245,0
2890,A1491,0
2891,A19836,0
2892,A7504,1
2893,A6400,1
2894,A7686,0
2895,A4826,0
2896,A16273,0
2897,A22962,0
2898,A9947,1
2899,A27442,0
2900,A7278,0
2901,A27712,0
2902,A13499,1
2903,A9490,0
2904,A22680,0
2905,A25424,0
2906,A22044,0
2907,A15465,0
2908,A11323,0
2909,A17653,0
2910,A28679,0
2911,A28459,0
2912,A11472,1
2913,A13541,0
2914,A25555,0
2915,A17757,1
2916,A29197,0
2917,A19271,1
2918,A13344,0
2919,A27071,0
2920,A2864,0
2921,A9741,0
2922,A16428,0
2923,A18971,0
2924,A9460,0
2925,A23151,0
2926,A4760,0
2927,A3167,0
2928,A28107,0
2929,A1051,1
2930,A4103,0
2931,A27859,1
2932,A4114,0
2933,A24617,0
2934,A11676,0
2935,A20662,0
2936,A93,0
2937,A123,0
2938,A9300,0
2939,A2972,0
2940,A1753,0
2941,A17875,1
2942,A25141,0
2943,A11111,0
2944,A23690,0
2945,A28605,1
2946,A4673,0
2947,A8154,0
2948,A15700,1
2949,A12769,0
2950,A21747,0
2951,A13405,0
2952,A13216,0
2953,A2443,0
2954,A3399,0
2955,A13387,0
2956,A18650,0
2957,A4329,0
2958,A7369,1
2959,A26764,0
2960,A20836,0
2961,A7,0
2962,A24240,0
2963,A4657,0
2964,A4811,0
2965,A5053,0
2966,A16950,1
2967,A13614,0
2968,A13974,0
2969,A3655,0
2970,A29480,0
2971,A13939,0
2972,A12571,0
2973,A24335,0
2974,A27673,0
2975,A12588,1
2976,A5946,0
2977,A10243,0
2978,A3074,0
2979,A1278,0
2980,A20767,0
2981,A4090,0
2982,A7203,0
2983,A5503,0
2984,A13634,0
2985,A552,1
2986,A2433,1
2987,A27629,0
2988,A3671,0
2989,A19863,0
2990,A7198,0
2991,A1016,0
2992,A27970,0
2993,A17421,0
2994,A2773,0
2995,A11171,0
2996,A14455,0
2997,A13833,0
2998,A10013,0
2999,A1185,0
3000,A2193,0
3001,A21640,1
3002,A17526,1
3003,A27425,0
3004,A3403,0
3005,A7602,0
3006,A13121,0
3007,A6100,0
3008,A18376,1
3009,A7111,0
3010,A7371,0
3011,A12447,0
3012,A12890,0
3013,A12734,0
3014,A11121,0
3015,A21691,0
3016,A3331,0
3017,A24727,0
3018,A22193,0
3019,A20939,0
3020,A13289,0
3021,A2622,0
3022,A23,0
3023,A26630,0
3024,A24232,0
3025,A12288,0
3026,A8063,0
3027,A14658,0
3028,A7281,0
3029,A29233,0
3030,A6691,0
3031,A14135,0
3032,A23606,0
3033,A9614,1
3034,A12692,0
3035,A5504,0
3036,A10406,1
3037,A28790,0
3038,A12920,0
3039,A10758,0
3040,A17841,0
3041,A24807,0
3042,A20242,0
3043,A8019,0
3044,A14721,0
3045,A10618,0
3046,A27449,1
3047,A9562,0
3048,A10885,0
3049,A17467,0
3050,A25637,0
3051,A4038,0
3052,A13229,0
3053,A25371,0
3054,A5324,0
3055,A21023,0
3056,A12700,0
3057,A29678,0
3058,A25664,0
3059,A26255,0
3060,A6864,0
3061,A24236,0
3062,A15264,0
3063,A25416,1
3064,A4969,0
3065,A24605,0
3066,A8613,0
3067,A26478,0
3068,A8927,0
3069,A9919,1
3070,A15632,0
3071,A14924,0
3072,A3741,0
3073,A28513,0
3074,A28597,0
3075,A345,0
3076,A18076,1
3077,A28747,0
3078,A2268,0
3079,A23883,0
3080,A25365,0
3081,A4772,0
3082,A28862,0
3083,A8594,0
3084,A29354,0
3085,A2441,0
3086,A6610,0
3087,A21706,0
3088,A11729,0
3089,A21573,0
3090,A253,0
3091,A25583,0
3092,A22204,0
3093,A19233,0
3094,A15850,0
3095,A7338,0
3096,A12745,0
3097,A24100,0
3098,A15333,0
3099,A7343,0
3100,A753,0
3101,A1250,0
3102,A23968,0
3103,A13274,0
3104,A13904,0
3105,A2055,1
3106,A20428,1
3107,A6909,0
3108,A2735,0
3109,A18094,0
3110,A22142,0
3111,A15263,0
3112,A13667,0
3113,A19297,0
3114,A29350,0
3115,A25294,0
3116,A15995,0
3117,A11900,0
3118,A5140,0
3119,A18565,0
3120,A820,0
3121,A14031,0
3122,A6667,0
3123,A29584,0
3124,A4899,0
3125,A10904,0
3126,A4605,0
3127,A13622,0
3128,A3739,0
3129,A10011,0
3130,A22033,0
3131,A2550,0
3132,A5097,1
3133,A21665,0
3134,A15528,0
3135,A14007,0
3136,A3587,0
3137,A11733,0
3138,A6361,0
3139,A8221,0
3140,A17285,0
3141,A29156,0
3142,A7737,0
3143,A3015,0
3144,A19731,0
3145,A7491,1
3146,A27935,0
3147,A15123,0
3148,A12650,0
3149,A24398,1
3150,A4676,0
3151,A29743,0
3152,A25048,0
3153,A13044,0
3154,A24597,0
3155,A7102,0
3156,A22661,0
3157,A21100,0
3158,A7529,0
3159,A3992,0
3160,A5043,0
3161,A9601,0
3162,A13872,0
3163,A17041,1
3164,A19173,0
3165,A24133,0
3166,A27716,0
3167,A17286,0
3168,A10424,0
3169,A5142,0
3170,A24419,0
3171,A1634,0
3172,A28314,0
3173,A696,1
3174,A7297,0
3175,A18293,0
3176,A714,0
3177,A20818,0
3178,A17328,0
3179,A22122,0
3180,A20275,0
3181,A8179,1
3182,A7869,0
3183,A5705,0
3184,A4993,1
3185,A8872,0
3186,A15339,0
3187,A3001,0
3188,A23217,0
3189,A22791,0
3190,A12307,0
3191,A118,0
3192,A10777,0
3193,A10166,0
3194,A7463,0
3195,A24412,0
3196,A17979,0
3197,A13850,0
3198,A22998,0
3199,A21246,0
3200,A8550,0
3201,A8753,0
3202,A26082,0
3203,A7316,0
3204,A11526,0
3205,A28389,0
3206,A15226,0
3207,A18819,0
3208,A29901,0
3209,A28642,0
3210,A96,0
3211,A22759,0
3212,A16481,0
3213,A5327,0
3214,A14,0
3215,A19691,0
3216,A364,0
3217,A25579,0
3218,A7387,0
3219,A9387,0
3220,A26498,0
3221,A23791,0
3222,A17887,0
3223,A5379,0
3224,A5325,0
3225,A29643,1
3226,A28911,0
3227,A21013,1
3228,A27595,0
3229,A18505,0
3230,A1759,0
3231,A583,0
3232,A16638,0
3233,A25539,0
3234,A17857,0
3235,A12189,0
3236,A9204,0
3237,A8469,1
3238,A23984,0
3239,A12865,0
3240,A9797,0
3241,A25519,0
3242,A14926,0
3243,A25180,0
3244,A17606,0
3245,A6151,0
3246,A25201,1
3247,A17289,0
3248,A15240,0
3249,A22341,0
3250,A14083,0
3251,A2580,0
3252,A13237,0
3253,A10080,0
3254,A9162,0
3255,A12000,0
3256,A24257,1
3257,A9822,1
3258,A15739,0
3259,A21456,0
3260,A14252,1
3261,A6336,0
3262,A25100,0
3263,A28829,0
3264,A16478,1
3265,A3363,1
3266,A11618,0
3267,A12652,0
3268,A18543,0
3269,A15518,1
3270,A19786,0
3271,A14825,1
3272,A3349,0
3273,A29438,0
3274,A10978,1
3275,A4927,0
3276,A13383,0
3277,A10823,1
3278,A21651,0
3279,A26313,0
3280,A26687,0
3281,A2581,0
3282,A27838,0
3283,A4611,0
3284,A7643,0
3285,A709,0
3286,A8287,0
3287,A26327,0
3288,A22726,0
3289,A262,0
3290,A8212,0
3291,A20121,0
3292,A15029,0
3293,A10052,0
3294,A13306,0
3295,A335,0
3296,A25480,0
3297,A27544,0
3298,A25471,0
3299,A29992,1
3300,A393,0
3301,A18235,1
3302,A24871,0
3303,A4070,0
3304,A11610,0
3305,A6795,0
3306,A11802,0
3307,A23796,0
3308,A20261,0
3309,A14305,0
3310,A8119,0
3311,A14704,0
3312,A5309,0
3313,A12831,0
3314,A26454,0
3315,A17777,0
3316,A8959,0
3317,A24465,0
3318,A24938,0
3319,A19264,0
3320,A12989,0
3321,A2315,1
3322,A20913,0
3323,A21010,0
3324,A28289,0
3325,A29152,1
3326,A8970,0
3327,A11682,1
3328,A29561,0
3329,A25822,0
3330,A4607,0
3331,A18588,0
3332,A12812,0
3333,A15082,0
3334,A4415,0
3335,A10085,0
3336,A974,0
3337,A29658,0
3338,A4589,1
3339,A24442,0
3340,A10589,0
3341,A14215,0
3342,A27891,0
3343,A4135,0
3344,A14112,0
3345,A22710,0
3346,A25391,0
3347,A24882,0
3348,A14856,0
3349,A11190,0
3350,A19516,0
3351,A18474,0
3352,A7512,0
3353,A12134,0
3354,A13106,0
3355,A9714,0
3356,A8608,1
3357,A25210,0
3358,A22373,0
3359,A222,0
3360,A7822,0
3361,A451,0
3362,A12198,0
3363,A27566,0
3364,A12335,0
3365,A8721,0
3366,A3339,0
3367,A26623,0
3368,A28037,0
3369,A17434,0
3370,A7352,0
3371,A646,1
3372,A10806,0
3373,A7009,0
3374,A20763,0
3375,A17918,0
3376,A22492,0
3377,A3680,0
3378,A21186,0
3379,A8038,0
3380,A18112,0
3381,A3435,1
3382,A16398,0
3383,A10549,0
3384,A24681,0
3385,A17174,0
3386,A25165,0
3387,A18392,0
3388,A15433,0
3389,A14106,0
3390,A7957,0
3391,A21182,1
3392,A22515,0
3393,A15296,1
3394,A3711,0
3395,A22235,0
3396,A23527,0
3397,A5695,0
3398,A27472,0
3399,A128,1
3400,A28085,0
3401,A4561,0
3402,A25907,0
3403,A26742,1
3404,A9674,0
3405,A13392,0
3406,A25716,0
3407,A21132,0
3408,A2818,0
3409,A27024,0
3410,A28020,1
3411,A18254,0
3412,A13155,0
3413,A1584,0
3414,A4699,0
3415,A534,0
3416,A2862,1
3417,A2801,0
3418,A19738,1
3419,A24804,0
3420,A7050,0
3421,A23907,0
3422,A5432,0
3423,A1651,0
3424,A12811,0
3425,A29745,1
3426,A3062,0
3427,A376,0
3428,A6530,0
3429,A25521,0
3430,A23042,0
3431,A24077,0
3432,A2726,0
3433,A7947,1
3434,A17383,0
3435,A17451,0
3436,A26541,0
3437,A19038,0
3438,A5933,0
3439,A22458,0
3440,A6295,0
3441,A19029,0
3442,A25652,0
3443,A8892,0
3444,A3863,0
3445,A19047,0
3446,A26392,0
3447,A12088,0
3448,A10223,0
3449,A860,0
3450,A5264,0
3451,A17056,1
3452,A13374,0
3453,A19937,0
3454,A9863,0
3455,A22960,0
3456,A7665,0
3457,A8977,0
3458,A5408,0
3459,A12403,0
3460,A15194,1
3461,A14270,0
3462,A865,0
3463,A29101,0
3464,A28230,0
3465,A3009,0
3466,A29925,0
3467,A23193,0
3468,A6015,0
3469,A5034,0
3470,A22274,0
3471,A25491,0
3472,A6173,0
3473,A51,0
3474,A17552,0
3475,A1236,0
3476,A18479,0
3477,A7525,0
3478,A9903,1
3479,A20357,0
3480,A17558,0
3481,A28486,0
3482,A16658,0
3483,A19112,0
3484,A27063,0
3485,A7022,0
3486,A24339,0
3487,A16238,1
3488,A12521,0
3489,A6009,0
3490,A5436,0
3491,A3442,0
3492,A9191,1
3493,A19372,0
3494,A18027,1
3495,A10350,0
3496,A19126,0
3497,A16025,0
3498,A17621,0
3499,A15254,0
3500,A29201,0
3501,A28256,0
3502,A6259,0
3503,A28989,0
3504,A21846,0
3505,A27873,0
3506,A9900,0
3507,A13772,0
3508,A19307,0
3509,A866,0
3510,A141,0
3511,A19229,0
3512,A29467,1
3513,A2743,0
3514,A4280,0
3515,A2440,0
3516,A17065,0
3517,A17884,0
3518,A28099,0
3519,A6915,1
3520,A9321,0
3521,A2203,0
3522,A11212,0
3523,A225,0
3524,A28798,0
3525,A1249,0
3526,A6762,0
3527,A20092,0
3528,A12324,0
3529,A2147,1
3530,A25915,0
3531,A9817,0
3532,A1454,0
3533,A4784,0
3534,A15610,0
3535,A17292,0
3536,A9423,0
3537,A19237,0
3538,A19466,0
3539,A4464,0
3540,A16850,1
3541,A13484,0
3542,A23860,0
3543,A21064,0
3544,A10743,0
3545,A26539,0
3546,A20624,0
3547,A26211,0
3548,A15425,1
3549,A10277,0
3550,A12002,0
3551,A12220,0
3552,A19519,0
3553,A555,0
3554,A5173,0
3555,A915,0
3556,A27121,0
3557,A5963,0
3558,A28353,0
3559,A4857,0
3560,A29917,0
3561,A27688,0
3562,A13896,1
3563,A11406,0
3564,A7481,1
3565,A14086,0
3566,A10226,0
3567,A29298,0
3568,A19720,0
3569,A7244,0
3570,A15596,0
3571,A24898,0
3572,A8167,0
3573,A9597,0
3574,A22723,0
3575,A16994,0
3576,A21613,0
3577,A1381,0
3578,A9997,0
3579,A8378,0
3580,A1547,0
3581,A28693,0
3582,A21689,0
3583,A24503,1
3584,A14095,0
3585,A22684,0
3586,A8236,0
3587,A16873,0
3588,A6330,0
3589,A3965,0
3590,A6193,0
3591,A20497,1
3592,A26980,0
3593,A24516,0
3594,A29845,0
3595,A11174,0
3596,A27221,0
3597,A15701,1
3598,A8121,0
3599,A23840,0
3600,A13095,0
3601,A18138,0
3602,A23710,0
3603,A16930,0
3604,A12035,0
3605,A2949,0
3606,A24511,0
3607,A17148,0
3608,A20657,0
3609,A4943,0
3610,A14088,0
3611,A2809,0
3612,A22859,0
3613,A14582,1
3614,A2424,0
3615,A16832,0
3616,A27441,0
3617,A23859,0
3618,A25357,0
3619,A13055,0
3620,A20940,0
3621,A22066,0
3622,A20585,0
3623,A28257,0
3624,A6869,0
3625,A1316,0
3626,A20404,0
3627,A4158,0
3628,A20203,0
3629,A27720,0
3630,A23635,0
3631,A1270,1
3632,A8522,1
3633,A545,0
3634,A9298,0
3635,A18966,0
3636,A3315,0
3637,A20,1
3638,A22565,0
3639,A5882,0
3640,A5629,1
3641,A28651,0
3642,A19179,1
3643,A18834,0
3644,A14443,0
3645,A16711,1
3646,A24945,0
3647,A7503,0
3648,A18883,0
3649,A23195,0
3650,A7597,0
3651,A16550,1
3652,A7670,0
3653,A1655,0
3654,A23373,0
3655,A23599,0
3656,A19359,1
3657,A18835,0
3658,A11175,0
3659,A18050,0
3660,A8175,1
3661,A21998,0
3662,A29610,0
3663,A21920,0
3664,A17310,1
3665,A25832,0
3666,A19129,0
3667,A17422,0
3668,A1559,0
3669,A26406,0
3670,A812,0
3671,A15122,0
3672,A5397,0
3673,A16527,1
3674,A4156,0
3675,A6832,0
3676,A22016,0
3677,A3454,0
3678,A10719,0
3679,A23746,0
3680,A16725,0
3681,A3032,1
3682,A21160,0
3683,A21271,0
3684,A23835,0
3685,A13134,0
3686,A4044,0
3687,A10394,0
3688,A6221,0
3689,A15544,0
3690,A27307,0
3691,A25504,0
3692,A23586,0
3693,A10929,0
3694,A11699,0
3695,A10646,0
3696,A9180,0
3697,A21957,0
3698,A11033,0
3699,A13794,0
3700,A21677,0
3701,A5007,0
3702,A23153,0
3703,A24858,0
3704,A4990,0
3705,A24479,0
3706,A15987,0
3707,A27513,0
3708,A14572,0
3709,A26664,1
3710,A24087,0
3711,A4330,0
3712,A25602,0
3713,A25964,0
3714,A4542,0
3715,A11649,0
3716,A7967,0
3717,A25333,0
3718,A25444,0
3719,A22400,0
3720,A8269,0
3721,A7422,0
3722,A654,0
3723,A16276,0
3724,A20022,1
3725,A27343,0
3726,A24434,0
3727,A5303,0
3728,A6819,0
3729,A15831,0
3730,A23700,0
3731,A8585,0
3732,A22375,0
3733,A23604,1
3734,A3959,0
3735,A16323,0
3736,A14388,0
3737,A13181,0
3738,A8531,0
3739,A16049,0
3740,A12395,1
3741,A16065,0
3742,A9809,0
3743,A10626,0
3744,A10340,0
3745,A25246,0
3746,A12224,0
3747,A11944,0
3748,A29400,0
3749,A21125,0
3750,A26957,0
3751,A516,0
3752,A22168,0
3753,A25275,0
3754,A3789,0
3755,A5488,1
3756,A17766,0
3757,A6214,0
3758,A11737,0
3759,A11514,0
3760,A11414,0
3761,A21924,0
3762,A11371,0
3763,A18559,0
3764,A29813,0
3765,A19293,0
3766,A19638,1
3767,A22963,0
3768,A12586,0
3769,A17212,0
3770,A29106,1
3771,A234,0
3772,A10829,0
3773,A5404,0
3774,A28735,0
3775,A12717,0
3776,A9835,0
3777,A21624,0
3778,A12843,0
3779,A7321,0
3780,A6360,0
3781,A29856,0
3782,A18171,0
3783,A12326,0
3784,A7487,0
3785,A20706,0
3786,A16621,1
3787,A14477,0
3788,A10286,0
3789,A26988,0
3790,A12984,0
3791,A15716,0
3792,A24585,0
3793,A12954,0
3794,A17542,0
3795,A2037,0
3796,A10034,0
3797,A16791,0
3798,A14539,0
3799,A11850,0
3800,A3896,0
3801,A7851,1
3802,A19891,0
3803,A6894,1
3804,A5638,0
3805,A13371,0
3806,A4082,0
3807,A9723,0
3808,A536,0
3809,A991,0
3810,A3476,0
3811,A12298,1
3812,A1490,0
3813,A23960,0
3814,A16462,1
3815,A11541,0
3816,A10154,0
3817,A21437,0
3818,A12747,0
3819,A1125,0
3820,A20456,0
3821,A26472,0
3822,A5500,0
3823,A5849,0
3824,A13136,0
3825,A518,0
3826,A16586,0
3827,A4079,0
3828,A18491,0
3829,A18306,0
3830,A15409,0
3831,A23051,0
3832,A27731,1
3833,A17846,0
3834,A18724,0
3835,A7793,1
3836,A24752,0
3837,A6426,0
3838,A22469,0
3839,A408,0
3840,A19799,0
3841,A24602,1
3842,A29424,0
3843,A2125,0
3844,A8926,0
3845,A5572,1
3846,A3362,0
3847,A23691,0
3848,A27455,0
3849,A21273,0
3850,A21051,1
3851,A10367,0
3852,A15680,0
3853,A28137,0
3854,A24614,0
3855,A13098,0
3856,A3715,1
3857,A4315,0
3858,A21582,0
3859,A20190,0
3860,A28919,0
3861,A2018,1
3862,A22410,0
3863,A16442,0
3864,A1189,0
3865,A17602,0
3866,A20319,1
3867,A23208,0
3868,A4594,0
3869,A14153,0
3870,A7584,0
3871,A9801,0
3872,A17804,0
3873,A28818,0
3874,A8044,0
3875,A20519,1
3876,A10536,0
3877,A17045,0
3878,A6339,0
3879,A4549,0
3880,A25081,0
3881,A12549,0
3882,A28898,0
3883,A12628,0
3884,A11484,0
3885,A27049,1
3886,A22561,0
3887,A19028,0
3888,A10615,0
3889,A10802,1
3890,A5805,0
3891,A16344,0
3892,A722,0
3893,A17902,0
3894,A18022,0
3895,A20408,0
3896,A7346,0
3897,A15002,0
3898,A29476,0
3899,A6373,0
3900,A20489,0
3901,A11426,0
3902,A27297,0
3903,A13969,1
3904,A15537,1
3905,A14851,0
3906,A1464,0
3907,A9500,0
3908,A7002,0
3909,A20924,0
3910,A5044,0
3911,A21761,0
3912,A640,0
3913,A15765,0
3914,A13848,0
3915,A29778,0
3916,A14461,0
3917,A9151,0
3918,A29230,0
3919,A23778,1
3920,A5181,0
3921,A18836,0
3922,A29200,0
3923,A25305,0
3924,A3232,0
3925,A22655,0
3926,A20899,0
3927,A954,0
3928,A28593,0
3929,A27842,1
3930,A16288,0
3931,A10294,0
3932,A5761,0
3933,A5778,0
3934,A17830,0
3935,A4490,0
3936,A16862,0
3937,A25776,0
3938,A15134,0
3939,A8697,1
3940,A6631,0
3941,A22524,0
3942,A26338,0
3943,A20390,0
3944,A26497,0
3945,A11372,0
3946,A1579,0
3947,A3970,0
3948,A24166,1
3949,A28585,0
3950,A15774,0
3951,A202,0
3952,A28612,1
3953,A25864,0
3954,A10186,0
3955,A3471,1
3956,A15791,0
3957,A19714,0
3958,A13723,0
3959,A24738,0
3960,A8108,0
3961,A14257,0
3962,A19551,0
3963,A19600,0
3964,A8301,0
3965,A3227,0
3966,A17858,0
3967,A21057,0
3968,A22005,0
3969,A16982,0
3970,A20704,0
3971,A20264,0
3972,A2959,0
3973,A1294,0
3974,A10728,0
3975,A10158,0
3976,A7279,0
3977,A12821,0
3978,A16669,0
3979,A21098,1
3980,A13868,0
3981,A16876,0
3982,A14336,0
3983,A18245,0
3984,A10930,0
3985,A19294,0
3986,A9424,0
3987,A8182,0
3988,A16017,1
3989,A23773,0
3990,A19645,0
3991,A15800,0
3992,A27831,0
3993,A21746,0
3994,A20834,0
3995,A13304,0
3996,A2138,0
3997,A11357,1
3998,A28303,0
3999,A29822,0
4000,A14166,0
4001,A15448,0
4002,A9878,0
4003,A27800,1
4004,A3536,0
4005,A9575,0
4006,A28806,0
4007,A7370,0
4008,A624,0
4009,A12544,0
4010,A20050,0
4011,A9724,0
4012,A20905,0
4013,A23735,0
4014,A15738,0
4015,A16969,0
4016,A26605,0
4017,A17309,0
4018,A21997,0
4019,A23013,0
4020,A5134,0
4021,A17815,0
4022,A9983,0
4023,A25875,1
4024,A21878,0
4025,A13101,1
4026,A21007,0
4027,A25097,0
4028,A28554,0
4029,A1255,0
4030,A15112,1
4031,A28842,0
4032,A12515,0
4033,A23686,0
4034,A16575,1
4035,A3643,0
4036,A12546,0
4037,A23975,0
4038,A28949,0
4039,A6765,0
4040,A12241,0
4041,A10627,0
4042,A24487,0
4043,A23026,0
4044,A17533,0
4045,A14154,0
4046,A1230,0
4047,A29296,1
4048,A11286,1
4049,A19815,1
4050,A28218,0
4051,A3242,1
4052,A10407,0
4053,A15495,0
4054,A14794,1
4055,A18651,0
4056,A25302,0
4057,A1544,0
4058,A1396,0
4059,A2564,0
4060,A24620,0
4061,A28696,0
4062,A8022,1
4063,A14316,0
4064,A349,0
4065,A21653,0
4066,A9147,1
4067,A26125,0
4068,A20820,0
4069,A1310,0
4070,A20403,1
4071,A29563,0
4072,A14627,0
4073,A16507,0
4074,A7701,0
4075,A10362,0
4076,A5576,0
4077,A13559,0
4078,A10456,0
4079,A282,0
4080,A13678,0
4081,A11998,0
4082,A11049,0
4083,A24696,0
4084,A11790,0
4085,A27983,0
4086,A12139,0
4087,A4495,0
4088,A24460,0
4089,A8980,0
4090,A2571,0
4091,A23158,0
4092,A10018,0
4093,A27484,1
4094,A28428,0
4095,A1211,0
4096,A23273,0
4097,A26242,0
4098,A5341,0
4099,A10414,0
4100,A14430,0
4101,A6334,0
4102,A8806,0
4103,A2685,0
4104,A16509,0
4105,A12135,0
4106,A6503,0
4107,A27706,0
4108,A7077,0
4109,A9448,0
4110,A9859,0
4111,A10578,0
4112,A25128,0
4113,A27715,0
4114,A6936,0
4115,A9449,0
4116,A24767,0
4117,A17400,0
4118,A3679,0
4119,A16538,0
4120,A28338,0
4121,A27053,0
4122,A16060,0
4123,A3961,0
4124,A3449,0
4125,A21574,1
4126,A17090,0
4127,A12267,0
4128,A3837,0
4129,A23215,0
4130,A12973,1
4131,A17499,1
4132,A15943,0
4133,A10695,0
4134,A15729,0
4135,A379,0
4136,A16293,0
4137,A24976,0
4138,A16071,0
4139,A27605,0
4140,A19572,0
4141,A4883,1
4142,A24121,0
4143,A14229,0
4144,A12842,0
4145,A23721,0
4146,A10308,0
4147,A29808,0
4148,A28458,0
4149,A26068,0
4150,A17072,0
4151,A29526,0
4152,A2858,0
4153,A15712,0
4154,A5776,0
4155,A22283,0
4156,A9907,0
4157,A617,0
4158,A6004,0
4159,A17430,0
4160,A12051,0
4161,A25051,0
4162,A3955,0
4163,A8891,0
4164,A28918,0
4165,A5745,0
4166,A21278,0
4167,A25894,0
4168,A1606,1
4169,A18935,0
4170,A16271,0
4171,A27474,1
4172,A2595,0
4173,A12851,0
4174,A13225,0
4175,A12003,0
4176,A27286,0
4177,A19835,1
4178,A15880,0
4179,A8913,0
4180,A25227,0
4181,A2518,1
4182,A12072,0
4183,A9604,0
4184,A3664,0
4185,A29023,0
4186,A8076,0
4187,A9114,0
4188,A28960,0
4189,A28106,0
4190,A26659,0
4191,A4477,0
4192,A8430,0
4193,A8633,0
4194,A28056,0
4195,A10733,0
4196,A9364,0
4197,A112,0
4198,A11602,0
4199,A25091,0
4200,A21911,0
4201,A28134,0
4202,A1386,0
4203,A24834,0
4204,A21154,0
4205,A12648,0
4206,A28983,0
4207,A12684,0
4208,A14132,0
4209,A16524,0
4210,A22457,0
4211,A18986,0
4212,A9525,0
4213,A20405,0
4214,A7042,0
4215,A12168,0
4216,A4973,0
4217,A16777,0
4218,A18871,0
4219,A9940,0
4220,A23986,0
4221,A13629,0
4222,A6658,1
4223,A18397,0
4224,A2267,0
4225,A19254,0
4226,A9792,0
4227,A5789,0
4228,A18719,1
4229,A14970,0
4230,A29025,0
4231,A23256,0
4232,A26456,0
4233,A10590,0
4234,A5287,0
4235,A28453,0
4236,A16703,0
4237,A14040,0
4238,A17699,0
4239,A10598,1
4240,A29231,0
4241,A6946,0
4242,A26015,0
4243,A3733,0
4244,A15208,0
4245,A18362,0
4246,A19062,0
4247,A14376,0
4248,A17513,1
4249,A2751,0
4250,A27209,0
4251,A25559,0
4252,A22715,0
4253,A14935,0
4254,A8854,0
4255,A29801,0
4256,A1710,0
4257,A9322,0
4258,A21936,0
4259,A9184,0
4260,A24431,0
4261,A13062,0
4262,A4539,0
4263,A8225,1
4264,A14535,0
4265,A22597,0
4266,A6146,0
4267,A20182,0
4268,A5145,0
4269,A25290,0
4270,A22522,0
4271,A6120,1
4272,A4897,0
4273,A6300,0
4274,A11862,0
4275,A191,0
4276,A7410,0
4277,A6790,0
4278,A15310,0
4279,A21828,0
4280,A1257,0
4281,A5575,0
4282,A27058,0
4283,A23707,0
4284,A16485,0
4285,A2860,0
4286,A7323,1
4287,A29430,0
4288,A25076,0
4289,A9062,1
4290,A17159,0
4291,A13056,0
4292,A629,0
4293,A8812,0
4294,A9673,0
4295,A16795,0
4296,A13713,1
4297,A24132,0
4298,A21274,1
4299,A15797,0
4300,A6165,0
4301,A6653,0
4302,A25383,0
4303,A11793,0
4304,A24621,0
4305,A23939,1
4306,A13080,0
4307,A9349,0
4308,A18991,0
4309,A14069,0
4310,A24501,0
4311,A4136,1
4312,A23468,0
4313,A8395,0
4314,A7887,0
4315,A5554,0
4316,A18006,1
4317,A9484,1
4318,A11094,0
4319,A7764,0
4320,A24550,0
4321,A7446,0
4322,A10303,0
4323,A24471,0
4324,A227,0
4325,A27787,0
4326,A24187,0
4327,A7866,0
4328,A9623,0
4329,A6056,1
4330,A17483,1
4331,A4792,0
4332,A918,1
4333,A26473,0
4334,A27378,0
4335,A14907,0
4336,A13907,0
4337,A20831,0
4338,A13557,0
4339,A5983,0
4340,A13353,0
4341,A24125,0
4342,A9083,0
4343,A24365,0
4344,A12177,1
4345,A1904,0
4346,A20952,0
4347,A14685,0
4348,A19826,0
4349,A15127,0
4350,A10124,0
4351,A5969,0
4352,A4108,0
4353,A4058,0
4354,A14267,0
4355,A14544,0
4356,A16077,0
4357,A28808,0
4358,A13173,1
4359,A26900,0
4360,A10744,0
4361,A4206,0
4362,A19001,0
4363,A1383,0
4364,A3393,1
4365,A18467,0
4366,A25760,0
4367,A9280,0
4368,A20321,0
4369,A14587,0
4370,A11899,0
4371,A12322,0
4372,A1272,0
4373,A10566,0
4374,A21009,0
4375,A19591,0
4376,A25184,0
4377,A10611,0
4378,A3099,0
4379,A4795,0
4380,A6499,0
4381,A9697,1
4382,A158,0
4383,A26416,0
4384,A8139,1
4385,A19332,0
4386,A8032,0
4387,A10921,0
4388,A779,0
4389,A3037,0
4390,A16688,0
4391,A21308,0
4392,A27533,0
4393,A11141,0
4394,A14857,0
4395,A17077,1
4396,A12368,1
4397,A26738,0
4398,A7899,1
4399,A24731,0
4400,A9027,0
4401,A26306,0
4402,A25593,0
4403,A20917,0
4404,A5749,0
4405,A25025,1
4406,A343,0
4407,A19894,0
4408,A23549,0
4409,A9605,0
4410,A16134,0
4411,A7288,0
4412,A13415,0
4413,A28361,0
4414,A23164,0
4415,A24748,0
4416,A10297,0
4417,A18850,0
4418,A8883,0
4419,A1974,0
4420,A20628,0
4421,A27116,0
4422,A15151,0
4423,A21409,0
4424,A14891,0
4425,A11312,0
4426,A3068,0
4427,A18598,0
4428,A22019,0
4429,A9048,1
4430,A3294,0
4431,A21061,0
4432,A19361,0
4433,A8932,0
4434,A18825,0
4435,A16386,0
4436,A27415,0
4437,A21078,0
4438,A26247,0
4439,A6068,0
4440,A27471,1
4441,A28947,0
4442,A23004,0
4443,A26093,0
4444,A21765,0
4445,A6205,0
4446,A3505,0
4447,A18862,0
4448,A23513,0
4449,A13617,0
4450,A19239,0
4451,A17052,0
4452,A8727,0
4453,A20014,0
4454,A7969,0
4455,A8338,1
4456,A24613,0
4457,A22271,0
4458,A27597,0
4459,A11856,1
4460,A8832,0
4461,A29037,0
4462,A10794,0
4463,A22613,0
4464,A14850,0
4465,A14974,1
4466,A16199,0
4467,A1599,1
4468,A29277,0
4469,A6777,0
4470,A18177,1
4471,A12494,1
4472,A4538,0
4473,A26855,0
4474,A18742,0
4475,A25827,0
4476,A17543,0
4477,A10965,0
4478,A15814,0
4479,A19081,0
4480,A16779,0
4481,A15161,1
4482,A23636,0
4483,A23794,0
4484,A6107,0
4485,A26582,0
4486,A13293,0
4487,A7199,0
4488,A17993,0
4489,A13258,0
4490,A23225,0
4491,A6170,0
4492,A13357,0
4493,A11521,0
4494,A8580,0
4495,A16556,0
4496,A14009,0
4497,A12866,0
4498,A12284,0
4499,A24009,0
4500,A16486,0
4501,A16421,0
4502,A22276,0
4503,A22128,0
4504,A12450,0
4505,A6209,1
4506,A27780,0
4507,A29640,0
4508,A4433,1
4509,A25126,0
4510,A174,0
4511,A4162,0
4512,A17457,0
4513,A11425,0
4514,A11916,0
4515,A26819,0
4516,A12610,1
4517,A27697,0
4518,A22351,0
4519,A12413,0
4520,A29635,0
4521,A10481,0
4522,A2563,0
4523,A29264,0
4524,A18098,0
4525,A17055,0
4526,A7829,0
4527,A25186,1
4528,A28892,0
4529,A27225,0
4530,A9733,1
4531,A9585,1
4532,A25146,0
4533,A7777,0
4534,A23307,1
4535,A5867,0
4536,A23005,0
4537,A15358,1
4538,A28371,0
4539,A27508,0
4540,A22372,0
4541,A2393,0
4542,A24969,1
4543,A79,0
4544,A19245,0
4545,A10379,0
4546,A21589,0
4547,A4983,0
4548,A3303,0
4549,A9060,0
4550,A29662,0
4551,A27878,0
4552,A6541,1
4553,A13025,0
4554,A3163,0
4555,A7997,0
4556,A23279,0
4557,A24456,0
4558,A17597,0
4559,A14210,0
4560,A10190,0
4561,A1568,0
4562,A15859,0
4563,A25040,0
4564,A12992,0
4565,A20048,0
4566,A307,0
4567,A6332,1
4568,A24467,0
4569,A23148,0
4570,A2130,0
4571,A17835,0
4572,A26063,1
4573,A27161,1
4574,A15362,0
4575,A16203,0
4576,A2416,0
4577,A7802,0
4578,A28284,0
4579,A19664,0
4580,A28369,0
4581,A24376,0
4582,A17645,0
4583,A9906,0
4584,A296,0
4585,A21482,0
4586,A25558,0
4587,A15561,0
4588,A7407,0
4589,A6756,0
4590,A29352,0
4591,A17648,0
4592,A2783,0
4593,A17936,0
4594,A5910,0
4595,A28110,0
4596,A4485,0
4597,A21614,0
4598,A4227,0
4599,A21358,0
4600,A7324,0
4601,A19789,0
4602,A18625,0
4603,A2590,0
4604,A19090,0
4605,A4546,0
4606,A12579,0
4607,A9783,0
4608,A7729,0
4609,A16373,0
4610,A29770,0
4611,A27408,0
4612,A19520,0
4613,A20457,0
4614,A29905,0
4615,A10830,0
4616,A20832,0
4617,A19210,0
4618,A3472,1
4619,A26370,0
4620,A19083,0
4621,A1521,0
4622,A11605,0
4623,A2826,0
4624,A17745,0
4625,A24495,0
4626,A25739,0
4627,A26985,0
4628,A22745,0
4629,A28454,1
4630,A9994,0
4631,A15248,0
4632,A8394,0
4633,A17091,0
4634,A12918,0
4635,A11369,0
4636,A15365,0
4637,A22569,0
4638,A12792,0
4639,A23086,0
4640,A6024,0
4641,A24378,0
4642,A4648,0
4643,A3748,0
4644,A9069,0
4645,A19163,0
4646,A9051,0
4647,A17812,0
4648,A15989,0
4649,A4931,0
4650,A22794,0
4651,A17188,0
4652,A24538,0
4653,A21189,0
4654,A7385,0
4655,A14562,0
4656,A14574,0
4657,A9640,0
4658,A12799,0
4659,A12182,0
4660,A1954,0
4661,A27737,1
4662,A19847,0
4663,A15651,0
4664,A21333,0
4665,A29713,0
4666,A2097,0
4667,A12268,0
4668,A12727,0
4669,A24793,0
4670,A20771,1
4671,A7886,0
4672,A23867,0
4673,A17839,0
4674,A15165,0
4675,A20931,0
4676,A21527,0
4677,A17760,0
4678,A28815,0
4679,A7020,0
4680,A12741,0
4681,A12258,0
4682,A8901,0
4683,A16422,0
4684,A12212,0
4685,A23670,0
4686,A11997,0
4687,A26585,0
4688,A2854,0
4689,A21646,0
4690,A19374,0
4691,A27841,0
4692,A27968,0
4693,A13913,0
4694,A12476,0
4695,A4210,0
4696,A19722,0
4697,A20567,1
4698,A25407,0
4699,A19966,0
4700,A26156,0
4701,A10503,0
4702,A44,0
4703,A16701,0
4704,A18524,0
4705,A22822,0
4706,A10241,0
4707,A1921,0
4708,A13330,0
4709,A29680,0
4710,A12085,0
4711,A28275,0
4712,A20366,0
4713,A13993,0
4714,A10408,0
4715,A14264,0
4716,A13260,0
4717,A16191,0
4718,A12199,0
4719,A24415,0
4720,A19497,0
4721,A11352,0
4722,A8441,0
4723,A16463,0
4724,A12083,0
4725,A6955,0
4726,A825,0
4727,A9616,0
4728,A19858,0
4729,A11652,0
4730,A15063,1
4731,A20524,1
4732,A27631,1
4733,A10328,0
4734,A18900,0
4735,A2280,0
4736,A26023,1
4737,A2618,0
4738,A18863,0
4739,A27954,0
4740,A6815,0
4741,A18480,0
4742,A23647,0
4743,A22184,0
4744,A27356,0
4745,A13248,1
4746,A968,0
4747,A29918,0
4748,A8505,0
4749,A29246,0
4750,A24618,0
4751,A9925,0
4752,A7132,0
4753,A18411,0
4754,A14236,0
4755,A15572,0
4756,A20302,0
4757,A26566,0
4758,A24427,0
4759,A17961,0
4760,A15222,0
4761,A6198,0
4762,A3954,0
4763,A544,0
4764,A17121,0
4765,A6306,0
4766,A3599,0
4767,A6950,0
4768,A10931,0
4769,A10747,0
4770,A22062,0
4771,A13287,0
4772,A17761,0
4773,A12645,1
4774,A25183,1
4775,A17620,1
4776,A14474,1
4777,A8863,0
4778,A713,0
4779,A800,0
4780,A6965,0
4781,A5466,0
4782,A14152,0
4783,A29655,0
4784,A10383,0
4785,A19704,0
4786,A16813,1
4787,A7649,0
4788,A18170,1
4789,A5315,0
4790,A12274,0
4791,A15048,0
4792,A6131,0
4793,A22030,0
4794,A14742,0
4795,A5764,0
4796,A26919,0
4797,A2447,0
4798,A18336,1
4799,A26500,0
4800,A1894,0
4801,A21893,0
4802,A16816,0
4803,A18749,1
4804,A27065,0
4805,A6385,0
4806,A19445,0
4807,A27598,0
4808,A14317,0
4809,A15655,0
4810,A8101,0
4811,A1552,0
4812,A14018,1
4813,A16841,0
4814,A821,0
4815,A3724,0
4816,A28355,0
4817,A16932,0
4818,A18499,0
4819,A26519,0
4820,A16171,0
4821,A19068,0
4822,A5837,0
4823,A29297,0
4824,A7551,0
4825,A3798,0
4826,A25020,0
4827,A26784,0
4828,A2963,0
4829,A14566,0
4830,A798,0
4831,A27698,0
4832,A19788,0
4833,A2558,0
4834,A16761,0
4835,A24629,0
4836,A19130,0
4837,A21895,0
4838,A20346,1
4839,A12849,0
4840,A26072,0
4841,A10202,0
4842,A21320,0
4843,A25432,0
4844,A28765,0
4845,A9657,0
4846,A26924,0
4847,A20209,0
4848,A1203,0
4849,A6517,0
4850,A10594,0
4851,A25195,0
4852,A25924,0
4853,A15696,0
4854,A25039,0
4855,A1324,0
4856,A3953,0
4857,A3545,0
4858,A20712,0
4859,A19331,0
4860,A19871,0
4861,A17243,0
4862,A20943,0
4863,A14819,0
4864,A13168,0
4865,A12317,0
4866,A21721,0
4867,A2970,0
4868,A4526,0
4869,A9293,0
4870,A17085,0
4871,A28192,0
4872,A8918,0
4873,A1393,0
4874,A22057,0
4875,A20588,0
4876,A25973,0
4877,A16167,0
4878,A23045,0
4879,A11940,0
4880,A4531,0
4881,A25701,0
4882,A23223,0
4883,A20095,1
4884,A8586,0
4885,A8689,0
4886,A16878,0
4887,A24383,0
4888,A3541,0
4889,A9992,0
4890,A12656,0
4891,A29827,0
4892,A303,0
4893,A5179,0
4894,A18037,0
4895,A17480,0
4896,A7312,0
4897,A24164,0
4898,A236,0
4899,A14726,0
4900,A986,0
4901,A21418,0
4902,A25853,0
4903,A20459,0
4904,A11970,0
4905,A22707,0
4906,A14770,0
4907,A2219,0
4908,A6439,0
4909,A13105,0
4910,A1160,1
4911,A8089,0
4912,A26693,0
4913,A11047,0
4914,A4889,0
4915,A24341,0
4916,A6770,0
4917,A16736,0
4918,A14385,0
4919,A7327,0
4920,A12858,1
4921,A20969,0
4922,A4401,0
4923,A24728,0
4924,A10999,0
4925,A27383,0
4926,A2843,0
4927,A15764,1
4928,A20442,0
4929,A946,0
4930,A4781,0
4931,A856,0
4932,A6810,0
4933,A182,0
4934,A21822,0
4935,A25362,0
4936,A10993,0
4937,A20392,0
4938,A6169,0
4939,A29102,0
4940,A12039,0
4941,A27287,0
4942,A8112,0
4943,A263,0
4944,A12647,0
4945,A20282,1
4946,A17412,0
4947,A27836,0
4948,A26827,1
4949,A16539,0
4950,A14231,0
4951,A23125,0
4952,A12222,0
4953,A11654,0
4954,A25446,0
4955,A13736,0
4956,A9821,1
4957,A670,0
4958,A2750,0
4959,A14480,0
4960,A19379,0
4961,A23018,0
4962,A14789,1
4963,A25500,0
4964,A9050,0
4965,A16155,1
4966,A7846,0
4967,A26997,1
4968,A26567,0
4969,A3147,0
4970,A28251,0
4971,A5375,0
4972,A16493,0
4973,A14308,0
4974,A74,0
4975,A17600,0
4976,A22485,0
4977,A19692,0
4978,A4279,0
4979,A15647,0
4980,A5582,0
4981,A9667,0
4982,A16814,0
4983,A16817,0
4984,A6634,0
4985,A3259,0
4986,A14149,0
4987,A20590,0
4988,A914,0
4989,A28308,1
4990,A9908,0
4991,A12704,1
4992,A21252,0
4993,A21501,0
4994,A2253,0
4995,A6543,0
4996,A644,0
4997,A15132,0
4998,A1193,0
4999,A19433,0
5000,A10094,0
5001,A1298,0
5002,A850,0
5003,A271,0
5004,A23556,0
5005,A26890,1
5006,A10907,0
5007,A17627,0
5008,A11192,0
5009,A14345,0
5010,A8087,0
5011,A26586,0
5012,A29067,0
5013,A8949,0
5014,A9336,0
5015,A7965,0
5016,A12081,0
5017,A18352,1
5018,A18771,0
5019,A4977,0
5020,A15654,0
5021,A22930,0
5022,A27215,1
5023,A27361,0
5024,A10,0
5025,A17306,0
5026,A4171,0
5027,A27620,0
5028,A2568,0
5029,A5656,0
5030,A4157,0
5031,A6065,0
5032,A25127,0
5033,A14868,0
5034,A27658,1
5035,A14320,0
5036,A26021,0
5037,A27565,0
5038,A26991,0
5039,A15864,0
5040,A4496,0
5041,A28882,0
5042,A25763,0
5043,A2265,0
5044,A8474,0
5045,A27584,0
5046,A13372,0
5047,A12036,1
5048,A14665,0
5049,A24107,0
5050,A18227,0
5051,A26311,0
5052,A16601,1
5053,A18618,0
5054,A25708,0
5055,A275,0
5056,A15306,0
5057,A14528,0
5058,A1991,0
5059,A5978,1
5060,A21086,0
5061,A18379,0
5062,A3929,0
5063,A17063,0
5064,A26944,0
5065,A23180,0
5066,A7856,0
5067,A10527,0
5068,A18731,0
5069,A13902,0
5070,A27231,1
5071,A2626,1
5072,A756,0
5073,A6912,0
5074,A26086,0
5075,A2689,0
5076,A28567,0
5077,A4435,0
5078,A20586,0
5079,A2305,0
5080,A9236,0
5081,A28426,0
5082,A12827,0
5083,A29179,0
5084,A12384,0
5085,A8996,0
5086,A5669,0
5087,A16578,0
5088,A27554,1
5089,A1032,1
5090,A7356,0
5091,A19244,0
5092,A21557,1
5093,A18477,0
5094,A28228,0
5095,A22190,0
5096,A14271,0
5097,A6268,0
5098,A26393,0
5099,A13376,0
5100,A26070,0
5101,A26398,0
5102,A5385,0
5103,A15335,0
5104,A15412,0
5105,A12255,0
5106,A16409,0
5107,A6071,0
5108,A13626,0
5109,A1628,0
5110,A7305,0
5111,A24763,0
5112,A24555,0
5113,A546,0
5114,A10753,0
5115,A18221,0
5116,A16792,0
5117,A1916,0
5118,A3860,0
5119,A20927,0
5120,A8113,0
5121,A12643,0
5122,A261,0
5123,A8168,0
5124,A29948,0
5125,A4887,0
5126,A27452,0
5127,A18746,0
5128,A6494,1
5129,A12295,0
5130,A23774,0
5131,A1893,0
5132,A20640,0
5133,A2377,0
5134,A14249,0
5135,A1409,0
5136,A26824,0
5137,A15042,0
5138,A17219,0
5139,A5508,0
5140,A9368,0
5141,A8384,0
5142,A17778,0
5143,A7727,0
5144,A14730,0
5145,A8023,0
5146,A6786,0
5147,A2523,0
5148,A19008,0
5149,A14839,0
5150,A27647,0
5151,A13798,1
5152,A29705,0
5153,A18626,0
5154,A2931,0
5155,A22047,0
5156,A19992,0
5157,A19259,1
5158,A5992,0
5159,A15773,1
5160,A28175,0
5161,A21471,0
5162,A10540,1
5163,A21946,0
5164,A29235,0
5165,A28213,0
5166,A9789,1
5167,A19869,0
5168,A21866,0
5169,A9958,1
5170,A25532,0
5171,A25828,0
5172,A10051,0
5173,A19623,0
5174,A24923,0
5175,A22825,0
5176,A895,0
5177,A10691,0
5178,A8219,0
5179,A13207,0
5180,A10807,0
5181,A29931,1
5182,A11265,0
5183,A22327,0
5184,A14681,0
5185,A16809,0
5186,A26769,0
5187,A20688,1
5188,A9093,0
5189,A7471,0
5190,A26097,0
5191,A12766,0
5192,A29538,0
5193,A11876,0
5194,A4307,0
5195,A21203,0
5196,A16414,0
5197,A3683,0
5198,A14674,0
5199,A20205,0
5200,A20438,1
5201,A20370,0
5202,A26036,0
5203,A23901,0
5204,A7921,0
5205,A7255,0
5206,A3581,0
5207,A4850,0
5208,A1558,0
5209,A22638,0
5210,A19530,0
5211,A1537,0
5212,A15163,0
5213,A27925,0
5214,A7479,0
5215,A8020,0
5216,A28992,0
5217,A28384,0
5218,A5791,0
5219,A2643,0
5220,A7817,0
5221,A5083,0
5222,A28009,0
5223,A28316,0
5224,A15422,1
5225,A12247,0
5226,A11267,1
5227,A4696,0
5228,A5185,0
5229,A14821,1
5230,A21735,0
5231,A29402,0
5232,A2821,0
5233,A10864,0
5234,A2151,0
5235,A15091,0
5236,A20997,1
5237,A18510,0
5238,A21661,0
5239,A17802,1
5240,A9238,0
5241,A18646,0
5242,A19215,1
5243,A19104,0
5244,A14024,0
5245,A23923,0
5246,A3986,0
5247,A502,1
5248,A19599,0
5249,A21116,0
5250,A11685,0
5251,A27457,0
5252,A14291,0
5253,A12167,0
5254,A8514,0
5255,A23592,0
5256,A28164,0
5257,A6920,0
5258,A20591,0
5259,A22983,0
5260,A6821,0
5261,A16204,0
5262,A7328,0
5263,A10852,0
5264,A24972,0
5265,A27213,0
5266,A9205,0
5267,A29140,0
5268,A12328,0
5269,A3466,1
5270,A5976,0
5271,A226,0
5272,A3302,0
5273,A21948,0
5274,A11491,0
5275,A5596,0
5276,A11771,0
5277,A2958,0
5278,A17530,0
5279,A5447,0
5280,A1852,0
5281,A25845,0
5282,A10750,0
5283,A22665,0
5284,A1948,0
5285,A5807,0
5286,A9899,0
5287,A13692,0
5288,A26259,0
5289,A26570,1
5290,A20755,0
5291,A25824,0
5292,A17630,0
5293,A22267,0
5294,A20091,0
5295,A14647,1
5296,A19397,0
5297,A9046,0
5298,A7778,0
5299,A20247,0
5300,A25015,0
5301,A24806,0
5302,A17067,0
5303,A4164,0
5304,A5038,0
5305,A17665,0
5306,A4033,0
5307,A11354,0
5308,A22660,0
5309,A5999,0
5310,A3901,0
5311,A15244,0
5312,A3123,0
5313,A3881,0
5314,A16595,0
5315,A10337,0
5316,A28093,0
5317,A9232,0
5318,A27494,0
5319,A3960,0
5320,A18059,1
5321,A2806,0
5322,A8466,0
5323,A6980,0
5324,A21881,1
5325,A20231,0
5326,A23226,0
5327,A9982,0
5328,A14261,0
5329,A9701,0
5330,A15878,0
5331,A7368,0
5332,A26889,0
5333,A24115,0
5334,A934,0
5335,A494,0
5336,A15102,0
5337,A21658,0
5338,A29580,1
5339,A25000,0
5340,A15191,1
5341,A2744,0
5342,A23357,0
5343,A10944,0
5344,A137,0
5345,A4741,0
5346,A2137,0
5347,A3856,0
5348,A16633,0
5349,A7391,0
5350,A22194,0
5351,A19019,0
5352,A8766,0
5353,A27506,0
5354,A18228,1
5355,A839,0
5356,A25724,0
5357,A10595,0
5358,A16520,0
5359,A16403,0
5360,A3928,0
5361,A21113,0
5362,A11738,0
5363,A20108,0
5364,A15394,0
5365,A6263,0
5366,A23782,1
5367,A10772,1
5368,A24786,0
5369,A24841,0
5370,A784,0
5371,A1504,0
5372,A11726,0
5373,A2040,0
5374,A1676,1
5375,A3607,0
5376,A22921,0
5377,A23519,0
5378,A25378,0
5379,A29409,0
5380,A19573,0
5381,A14268,0
5382,A27896,0
5383,A24709,1
5384,A2412,0
5385,A5923,0
5386,A25954,0
5387,A21119,0
5388,A18353,0
5389,A9264,0
5390,A20673,0
5391,A11108,0
5392,A23575,0
5393,A28387,0
5394,A29334,0
5395,A8839,0
5396,A26189,0
5397,A26564,0
5398,A6017,0
5399,A28375,0
5400,A15309,0
5401,A25937,0
5402,A375,0
5403,A9632,0
5404,A19065,0
5405,A22107,0
5406,A12980,0
5407,A11538,0
5408,A16136,0
5409,A27248,0
5410,A9074,0
5411,A10079,0
5412,A28556,0
5413,A13483,0
5414,A26074,0
5415,A25961,0
5416,A20736,0
5417,A15589,0
5418,A14421,0
5419,A11268,0
5420,A2499,0
5421,A4586,0
5422,A11418,0
5423,A27525,0
5424,A18407,0
5425,A23819,0
5426,A22079,0
5427,A12146,0
5428,A26676,0
5429,A10731,0
5430,A17428,0
5431,A24422,0
5432,A18939,0
5433,A24367,0
5434,A17965,0
5435,A20630,0
5436,A14882,0
5437,A16457,0
5438,A9044,0
5439,A4245,0
5440,A7434,0
5441,A26725,0
5442,A26748,0
5443,A20333,0
5444,A28030,0
5445,A20954,0
5446,A11647,0
5447,A18141,0
5448,A1645,0
5449,A10574,0
5450,A26955,0
5451,A23548,0
5452,A1413,0
5453,A22905,0
5454,A25757,0
5455,A3910,0
5456,A29373,0
5457,A2724,0
5458,A6665,0
5459,A4012,0
5460,A9025,0
5461,A24362,0
5462,A16112,0
5463,A15966,0
5464,A20715,0
5465,A884,0
5466,A28858,0
5467,A14780,0
5468,A181,0
5469,A28524,0
5470,A3486,0
5471,A29756,1
5472,A18824,0
5473,A28065,0
5474,A6958,1
5475,A25780,0
5476,A5480,0
5477,A19959,0
5478,A3506,0
5479,A26106,0
5480,A7015,0
5481,A22291,1
5482,A22767,0
5483,A25314,0
5484,A4838,0
5485,A568,0
5486,A27932,0
5487,A9990,0
5488,A10760,0
5489,A538,1
5490,A14804,0
5491,A21207,0
5492,A19255,0
5493,A7500,1
5494,A8324,1
5495,A17980,0
5496,A25831,0
5497,A2058,0
5498,A27453,1
5499,A8866,0
5500,A3568,0
5501,A460,0
5502,A27556,0
5503,A15935,0
5504,A12573,0
5505,A633,0
5506,A14431,0
5507,A23114,0
5508,A29800,1
5509,A6733,0
5510,A6732,0
5511,A25070,1
5512,A1046,0
5513,A9428,0
5514,A16541,1
5515,A15461,0
5516,A27771,0
5517,A29861,0
5518,A21587,0
5519,A24527,0
5520,A22173,0
5521,A4804,1
5522,A27856,0
5523,A20965,0
5524,A27611,0
5525,A16490,1
5526,A16513,1
5527,A657,0
5528,A25018,0
5529,A21173,0
5530,A928,0
5531,A18096,0
5532,A1269,0
5533,A17964,0
5534,A16897,0
5535,A28105,0
5536,A21402,1
5537,A27137,1
5538,A16368,0
5539,A1609,0
5540,A29838,0
5541,A20337,0
5542,A18516,1
5543,A11986,0
5544,A5392,0
5545,A25949,0
5546,A6670,0
5547,A29024,0
5548,A26627,0
5549,A24619,0
5550,A25132,0
5551,A2425,0
5552,A29484,0
5553,A12520,1
5554,A18441,0
5555,A29030,0
5556,A7175,1
5557,A26677,0
5558,A27766,0
5559,A26035,1
5560,A27793,0
5561,A23605,0
5562,A20967,0
5563,A3397,0
5564,A12631,0
5565,A8848,0
5566,A11353,0
5567,A19665,0
5568,A1883,0
5569,A614,0
5570,A25198,0
5571,A7382,0
5572,A10335,0
5573,A11247,0
5574,A17701,0
5575,A3462,1
5576,A23674,0
5577,A5755,1
5578,A10331,0
5579,A21919,0
5580,A23058,0
5581,A661,0
5582,A16053,1
5583,A21964,0
5584,A5948,0
5585,A9651,1
5586,A27403,0
5587,A26993,0
5588,A17734,0
5589,A725,1
5590,A26460,0
5591,A7164,0
5592,A7549,1
5593,A24461,0
5594,A21684,0
5595,A18519,1
5596,A12316,0
5597,A24024,0
5598,A21494,0
5599,A6642,0
5600,A7103,0
5601,A16193,0
5602,A10825,0
5603,A4236,0
5604,A15105,0
5605,A2745,0
5606,A6976,1
5607,A18469,0
5608,A7418,0
5609,A20336,1
5610,A9419,0
5611,A21714,0
5612,A22650,0
5613,A27862,0
5614,A3758,0
5615,A3044,0
5616,A23391,0
5617,A29657,0
5618,A26442,0
5619,A5095,0
5620,A25835,1
5621,A18181,0
5622,A18149,0
5623,A20869,0
5624,A7622,0
5625,A23910,0
5626,A12132,1
5627,A7018,0
5628,A11920,0
5629,A12230,0
5630,A18815,0
5631,A14719,0
5632,A10723,0
5633,A4994,0
5634,A10797,0
5635,A13645,0
5636,A9309,1
5637,A26396,0
5638,A20950,0
5639,A8829,0
5640,A8526,0
5641,A27418,0
5642,A6087,0
5643,A21429,0
5644,A5571,0
5645,A17583,1
5646,A20198,0
5647,A23871,0
5648,A22040,0
5649,A5914,0
5650,A20183,0
5651,A5348,0
5652,A9710,0
5653,A29124,0
5654,A9566,0
5655,A9207,0
5656,A26926,1
5657,A20451,1
5658,A8487,0
5659,A1350,0
5660,A16303,1
5661,A23625,0
5662,A25464,0
5663,A21783,0
5664,A22959,0
5665,A3313,1
5666,A1841,0
5667,A2999,0
5668,A27243,0
5669,A14876,0
5670,A14425,0
5671,A63,0
5672,A960,0
5673,A7122,0
5674,A13602,0
5675,A22691,1
5676,A3744,0
5677,A8288,0
5678,A330,0
5679,A11453,0
5680,A8261,0
5681,A13623,0
5682,A604,0
5683,A15922,0
5684,A10937,1
5685,A28189,0
5686,A19150,0
5687,A8462,0
5688,A2225,0
5689,A203,1
5690,A20304,0
5691,A20452,0
5692,A28124,0
5693,A18115,0
5694,A12534,0
5695,A3384,0
5696,A11630,0
5697,A26515,0
5698,A9388,0
5699,A26412,0
5700,A24413,1
5701,A6273,0
5702,A11058,0
5703,A22511,0
5704,A10538,0
5705,A22892,0
5706,A19486,1
5707,A21340,0
5708,A13690,1
5709,A2768,0
5710,A5513,1
5711,A28851,0
5712,A8493,1
5713,A625,0
5714,A3321,0
5715,A8274,0
5716,A7322,0
5717,A18529,0
5718,A10022,0
5719,A20710,1
5720,A6726,0
5721,A26193,0
5722,A21549,1
5723,A6853,0
5724,A6313,0
5725,A12637,0
5726,A15978,0
5727,A22505,0
5728,A21914,1
5729,A5512,0
5730,A20739,1
5731,A1528,1
5732,A9917,0
5733,A20758,1
5734,A2856,0
5735,A18445,1
5736,A21873,0
5737,A8551,0
5738,A18137,0
5739,A3115,1
5740,A9266,0
5741,A5159,0
5742,A13131,0
5743,A22879,1
5744,A15020,0
5745,A299,0
5746,A18843,0
5747,A24779,0
5748,A10544,0
5749,A16036,0
5750,A18628,0
5751,A790,0
5752,A24947,0
5753,A19477,0
5754,A26135,0
5755,A19765,0
5756,A16102,0
5757,A14428,0
5758,A2336,0
5759,A5895,0
5760,A12486,0
5761,A14238,0
5762,A28495,0
5763,A5599,0
5764,A8415,0
5765,A7336,0
5766,A11020,0
5767,A9934,0
5768,A9012,1
5769,A24737,0
5770,A15827,1
5771,A22688,0
5772,A7467,0
5773,A6285,0
5774,A22937,0
5775,A23243,0
5776,A19327,0
5777,A3816,0
5778,A8075,0
5779,A24285,0
5780,A15393,0
5781,A1771,0
5782,A16005,0
5783,A16198,0
5784,A452,0
5785,A12037,0
5786,A24469,0
5787,A941,0
5788,A8299,0
5789,A27945,0
5790,A23377,0
5791,A27574,0
5792,A26908,0
5793,A7445,0
5794,A5219,1
5795,A23564,0
5796,A13150,0
5797,A22944,0
5798,A15762,0
5799,A29966,0
5800,A4917,0
5801,A2357,0
5802,A11142,0
5803,A3139,0
5804,A28988,0
5805,A22829,0
5806,A9794,0
5807,A10935,0
5808,A3985,0
5809,A3077,0
5810,A4836,0
5811,A16807,0
5812,A5410,0
5813,A28133,0
5814,A13040,0
5815,A21438,0
5816,A23433,0
5817,A24769,1
5818,A4076,0
5819,A18459,0
5820,A2702,0
5821,A7127,0
5822,A6798,0
5823,A13761,0
5824,A24818,1
5825,A17321,0
5826,A2576,0
5827,A8271,0
5828,A6970,0
5829,A15719,1
5830,A4235,0
5831,A18182,0
5832,A4638,0
5833,A19414,0
5834,A7995,0
5835,A23435,0
5836,A1520,0
5837,A10751,0
5838,A8617,0
5839,A8214,0
5840,A24312,0
5841,A23987,0
5842,A14190,0
5843,A10939,0
5844,A19015,0
5845,A22721,0
5846,A23009,0
5847,A14548,0
5848,A16041,0
5849,A4282,0
5850,A8068,0
5851,A15785,1
5852,A22929,0
5853,A18265,0
5854,A17108,0
5855,A7098,0
5856,A29709,1
5857,A10082,0
5858,A28073,0
5859,A21550,0
5860,A2667,1
5861,A9253,0
5862,A20879,0
5863,A26044,1
5864,A24275,0
5865,A25665,0
5866,A20729,0
5867,A407,0
5868,A24940,0
5869,A26872,0
5870,A18729,0
5871,A11708,0
5872,A23973,0
5873,A17720,0
5874,A9040,0
5875,A17162,0
5876,A7337,0
5877,A23093,0
5878,A13703,0
5879,A13332,0
5880,A18634,0
5881,A19250,0
5882,A14265,0
5883,A6532,0
5884,A24825,0
5885,A18356,0
5886,A15621,0
5887,A27621,0
5888,A24338,0
5889,A25498,0
5890,A3725,0
5891,A13716,0
5892,A1412,0
5893,A26966,0
5894,A22215,0
5895,A1422,0
5896,A5646,0
5897,A23451,0
5898,A28681,0
5899,A11780,0
5900,A11280,0
5901,A15185,1
5902,A19779,0
5903,A15174,0
5904,A7523,0
5905,A4514,0
5906,A14828,0
5907,A28012,0
5908,A21634,0
5909,A1462,0
5910,A22177,1
5911,A26600,0
5912,A7309,0
5913,A9693,0
5914,A11028,0
5915,A11558,0
5916,A11197,0
5917,A25204,0
5918,A14972,0
5919,A15340,0
5920,A7596,0
5921,A16944,0
5922,A16035,0
5923,A4254,0
5924,A19943,0
5925,A19939,0
5926,A18574,0
5927,A4202,0
5928,A28923,0
5929,A22865,0
5930,A10530,0
5931,A2308,0
5932,A11636,0
5933,A2164,0
5934,A4337,1
5935,A24021,1
5936,A7196,0
5937,A13767,0
5938,A27411,0
5939,A6239,0
5940,A6291,0
5941,A2178,0
5942,A22302,0
5943,A10393,0
5944,A6202,0
5945,A1105,1
5946,A2904,0
5947,A22467,1
5948,A993,0
5949,A2149,0
5950,A4957,0
5951,A28038,0
5952,A16963,0
5953,A27701,0
5954,A16842,0
5955,A9126,0
5956,A28464,0
5957,A5020,1
5958,A14645,0
5959,A16815,0
5960,A20445,0
5961,A20301,0
5962,A21372,0
5963,A16087,0
5964,A609,0
5965,A8543,1
5966,A15207,0
5967,A12445,0
5968,A5252,0
5969,A22868,0
5970,A9407,0
5971,A12349,0
5972,A21528,0
5973,A11214,0
5974,A11882,0
5975,A28197,0
5976,A7273,0
5977,A20660,1
5978,A15325,0
5979,A24289,0
5980,A29433,0
5981,A845,0
5982,A28786,0
5983,A15661,0
5984,A27328,0
5985,A425,0
5986,A947,0
5987,A12123,0
5988,A4225,0
5989,A14352,1
5990,A2167,0
5991,A18833,0
5992,A8661,0
5993,A2168,0
5994,A9831,0
5995,A11104,0
5996,A2781,0
5997,A1767,0
5998,A1850,0
5999,A26905,0
